ds,y
2017-01-01 23:59:59,998.079443
2017-01-02 23:59:59,1018.369458
2017-01-03 23:59:59,1036.750461
2017-01-04 23:59:59,1137.239897
2017-01-05 23:59:59,1002.86
2017-01-06 23:59:59,895.332963
2017-01-07 23:59:59,907.241903
2017-01-08 23:59:59,914.83442
2017-01-09 23:59:59,901.407571
2017-01-10 23:59:59,905.342814
2017-01-11 23:59:59,778.83978
2017-01-12 23:59:59,806.053828
2017-01-13 23:59:59,827.310924
2017-01-14 23:59:59,817.670918
2017-01-15 23:59:59,821.487187
2017-01-16 23:59:59,831.648372
2017-01-17 23:59:59,905.013416
2017-01-18 23:59:59,887.397051
2017-01-19 23:59:59,902.151239
2017-01-20 23:59:59,895.48432
2017-01-21 23:59:59,924.167155
2017-01-22 23:59:59,923.413046
2017-01-23 23:59:59,914.99
2017-01-24 23:59:59,886.142057
2017-01-25 23:59:59,893.60059
2017-01-26 23:59:59,915.431075
2017-01-27 23:59:59,917.259501
2017-01-28 23:59:59,919.385524
2017-01-29 23:59:59,913.074384
2017-01-30 23:59:59,919.543827
2017-01-31 23:59:59,967.177316
2017-02-01 23:59:59,983.683419
2017-02-02 23:59:59,1007.271509
2017-02-03 23:59:59,1016.512888
2017-02-04 23:59:59,1032.71923
2017-02-05 23:59:59,1012.40293
2017-02-06 23:59:59,1023.212862
2017-02-07 23:59:59,1052.411201
2017-02-08 23:59:59,1052.015613
2017-02-09 23:59:59,985.473695
2017-02-10 23:59:59,995.552522
2017-02-11 23:59:59,1008.183418
2017-02-12 23:59:59,998.023605
2017-02-13 23:59:59,1000.296121
2017-02-14 23:59:59,1012.546072
2017-02-15 23:59:59,1013.547121
2017-02-16 23:59:59,1035.50956
2017-02-17 23:59:59,1055.786126
2017-02-18 23:59:59,1059.611435
2017-02-19 23:59:59,1055.94162
2017-02-20 23:59:59,1088.965575
2017-02-21 23:59:59,1128.325769
2017-02-22 23:59:59,1128.462585
2017-02-23 23:59:59,1185.995471
2017-02-24 23:59:59,1185.91222
2017-02-25 23:59:59,1152.505796
2017-02-26 23:59:59,1179.401572
2017-02-27 23:59:59,1195.174074
2017-02-28 23:59:59,1190.498788
2017-03-01 23:59:59,1229.458558
2017-03-02 23:59:59,1257.639297
2017-03-03 23:59:59,1289.034005
2017-03-04 23:59:59,1268.089252
2017-03-05 23:59:59,1278.644279
2017-03-06 23:59:59,1279.930685
2017-03-07 23:59:59,1232.654602
2017-03-08 23:59:59,1149.577012
2017-03-09 23:59:59,1190.701029
2017-03-10 23:59:59,1113.99
2017-03-11 23:59:59,1177.374181
2017-03-12 23:59:59,1226.299808
2017-03-13 23:59:59,1243.587215
2017-03-14 23:59:59,1245.0
2017-03-15 23:59:59,1257.852613
2017-03-16 23:59:59,1174.776007
2017-03-17 23:59:59,1070.077536
2017-03-18 23:59:59,969.084683
2017-03-19 23:59:59,1016.451782
2017-03-20 23:59:59,1039.352301
2017-03-21 23:59:59,1114.714779
2017-03-22 23:59:59,1038.140962
2017-03-23 23:59:59,1029.479317
2017-03-24 23:59:59,934.055104
2017-03-25 23:59:59,964.688788
2017-03-26 23:59:59,967.964412
2017-03-27 23:59:59,1041.913392
2017-03-28 23:59:59,1044.733653
2017-03-29 23:59:59,1041.343323
2017-03-30 23:59:59,1041.055647
2017-03-31 23:59:59,1081.309342
2017-04-01 23:59:59,1092.4799
2017-04-02 23:59:59,1107.694454
2017-04-03 23:59:59,1149.48146
2017-04-04 23:59:59,1143.453999
2017-04-05 23:59:59,1133.818106
2017-04-06 23:59:59,1192.3
2017-04-07 23:59:59,1193.471113
2017-04-08 23:59:59,1184.616089
2017-04-09 23:59:59,1210.688079
2017-04-10 23:59:59,1210.809409
2017-04-11 23:59:59,1223.071493
2017-04-12 23:59:59,1214.706439
2017-04-13 23:59:59,1175.832758
2017-04-14 23:59:59,1171.510567
2017-04-15 23:59:59,1178.689582
2017-04-16 23:59:59,1177.327725
2017-04-17 23:59:59,1188.308517
2017-04-18 23:59:59,1201.962894
2017-04-19 23:59:59,1210.006338
2017-04-20 23:59:59,1234.812416
2017-04-21 23:59:59,1246.675228
2017-04-22 23:59:59,1241.954858
2017-04-23 23:59:59,1247.602877
2017-04-24 23:59:59,1255.492386
2017-04-25 23:59:59,1277.444117
2017-04-26 23:59:59,1292.80873
2017-04-27 23:59:59,1341.963818
2017-04-28 23:59:59,1349.374115
2017-04-29 23:59:59,1360.781262
2017-04-30 23:59:59,1378.768955
2017-05-01 23:59:59,1430.801742
2017-05-02 23:59:59,1463.671881
2017-05-03 23:59:59,1511.526582
2017-05-04 23:59:59,1544.925513
2017-05-05 23:59:59,1527.20286
2017-05-06 23:59:59,1566.68584
2017-05-07 23:59:59,1566.372853
2017-05-08 23:59:59,1648.717642
2017-05-09 23:59:59,1719.299697
2017-05-10 23:59:59,1779.425439
2017-05-11 23:59:59,1835.265397
2017-05-12 23:59:59,1695.79
2017-05-13 23:59:59,1790.952773
2017-05-14 23:59:59,1794.330074
2017-05-15 23:59:59,1746.932976
2017-05-16 23:59:59,1777.02
2017-05-17 23:59:59,1808.338604
2017-05-18 23:59:59,1891.698409
2017-05-19 23:59:59,1961.337826
2017-05-20 23:59:59,2020.343605
2017-05-21 23:59:59,2019.548831
2017-05-22 23:59:59,2100.894781
2017-05-23 23:59:59,2266.627547
2017-05-24 23:59:59,2422.603808
2017-05-25 23:59:59,2301.487373
2017-05-26 23:59:59,2271.714993
2017-05-27 23:59:59,2052.191153
2017-05-28 23:59:59,2198.401292
2017-05-29 23:59:59,2281.305859
2017-05-30 23:59:59,2193.309809
2017-05-31 23:59:59,2300.693462
2017-06-01 23:59:59,2414.25708
2017-06-02 23:59:59,2484.006687
2017-06-03 23:59:59,2548.31
2017-06-04 23:59:59,2530.080705
2017-06-05 23:59:59,2693.520881
2017-06-06 23:59:59,2870.144961
2017-06-07 23:59:59,2691.069516
2017-06-08 23:59:59,2806.286611
2017-06-09 23:59:59,2816.734106
2017-06-10 23:59:59,2908.0082
2017-06-11 23:59:59,2959.041062
2017-06-12 23:59:59,2659.135508
2017-06-13 23:59:59,2706.703046
2017-06-14 23:59:59,2459.969388
2017-06-15 23:59:59,2416.078485
2017-06-16 23:59:59,2483.577188
2017-06-17 23:59:59,2635.1301
2017-06-18 23:59:59,2513.446875
2017-06-19 23:59:59,2596.052308
2017-06-20 23:59:59,2728.967855
2017-06-21 23:59:59,2648.513506
2017-06-22 23:59:59,2680.432985
2017-06-23 23:59:59,2684.597114
2017-06-24 23:59:59,2564.729666
2017-06-25 23:59:59,2503.428155
2017-06-26 23:59:59,2410.526914
2017-06-27 23:59:59,2566.330559
2017-06-28 23:59:59,2552.601572
2017-06-29 23:59:59,2535.190677
2017-06-30 23:59:59,2455.658213
2017-07-01 23:59:59,2419.798898
2017-07-02 23:59:59,2511.699458
2017-07-03 23:59:59,2544.292337
2017-07-04 23:59:59,2603.508039
2017-07-05 23:59:59,2608.955005
2017-07-06 23:59:59,2602.133534
2017-07-07 23:59:59,2500.893281
2017-07-08 23:59:59,2554.539413
2017-07-09 23:59:59,2507.298326
2017-07-10 23:59:59,2335.532958
2017-07-11 23:59:59,2307.601035
2017-07-12 23:59:59,2385.726953
2017-07-13 23:59:59,2339.221012
2017-07-14 23:59:59,2217.805548
2017-07-15 23:59:59,1969.521939
2017-07-16 23:59:59,1914.617355
2017-07-17 23:59:59,2224.856385
2017-07-18 23:59:59,2307.524178
2017-07-19 23:59:59,2264.40314
2017-07-20 23:59:59,2862.75197
2017-07-21 23:59:59,2670.0
2017-07-22 23:59:59,2828.260295
2017-07-23 23:59:59,2756.969381
2017-07-24 23:59:59,2759.844521
2017-07-25 23:59:59,2563.464073
2017-07-26 23:59:59,2525.205131
2017-07-27 23:59:59,2665.119923
2017-07-28 23:59:59,2786.07
2017-07-29 23:59:59,2697.856161
2017-07-30 23:59:59,2733.956756
2017-07-31 23:59:59,2858.51
2017-08-01 23:59:59,2731.839924
2017-08-02 23:59:59,2699.873084
2017-08-03 23:59:59,2789.066054
2017-08-04 23:59:59,2857.25032
2017-08-05 23:59:59,3254.702667
2017-08-06 23:59:59,3224.166207
2017-08-07 23:59:59,3391.619862
2017-08-08 23:59:59,3420.114672
2017-08-09 23:59:59,3342.699698
2017-08-10 23:59:59,3422.961368
2017-08-11 23:59:59,3650.410734
2017-08-12 23:59:59,3872.849014
2017-08-13 23:59:59,4056.539338
2017-08-14 23:59:59,4321.51
2017-08-15 23:59:59,4155.6352
2017-08-16 23:59:59,4372.099162
2017-08-17 23:59:59,4276.693473
2017-08-18 23:59:59,4102.570687
2017-08-19 23:59:59,4157.41
2017-08-20 23:59:59,4054.240996
2017-08-21 23:59:59,3997.462706
2017-08-22 23:59:59,4085.361888
2017-08-23 23:59:59,4132.535892
2017-08-24 23:59:59,4310.374258
2017-08-25 23:59:59,4357.339336
2017-08-26 23:59:59,4342.358114
2017-08-27 23:59:59,4340.22
2017-08-28 23:59:59,4383.997067
2017-08-29 23:59:59,4585.478663
2017-08-30 23:59:59,4575.292667
2017-08-31 23:59:59,4739.469833
2017-09-01 23:59:59,4921.45768
2017-09-02 23:59:59,4605.892466
2017-09-03 23:59:59,4614.304072
2017-09-04 23:59:59,4312.106335
2017-09-05 23:59:59,4424.214533
2017-09-06 23:59:59,4612.221235
2017-09-07 23:59:59,4620.804685
2017-09-08 23:59:59,4340.151487
2017-09-09 23:59:59,4325.865032
2017-09-10 23:59:59,4239.831706
2017-09-11 23:59:59,4204.341804
2017-09-12 23:59:59,4163.544879
2017-09-13 23:59:59,3855.562625
2017-09-14 23:59:59,3247.122283
2017-09-15 23:59:59,3725.455917
2017-09-16 23:59:59,3715.875255
2017-09-17 23:59:59,3716.184135
2017-09-18 23:59:59,4099.970117
2017-09-19 23:59:59,3910.096313
2017-09-20 23:59:59,3868.228452
2017-09-21 23:59:59,3617.47
2017-09-22 23:59:59,3615.256116
2017-09-23 23:59:59,3783.96151
2017-09-24 23:59:59,3668.429743
2017-09-25 23:59:59,3919.834169
2017-09-26 23:59:59,3884.867698
2017-09-27 23:59:59,4199.330168
2017-09-28 23:59:59,4186.14868
2017-09-29 23:59:59,4159.147042
2017-09-30 23:59:59,4327.557678
2017-10-01 23:59:59,4381.058041
2017-10-02 23:59:59,4389.745915
2017-10-03 23:59:59,4309.407278
2017-10-04 23:59:59,4216.245182
2017-10-05 23:59:59,4312.60725
2017-10-06 23:59:59,4362.554735
2017-10-07 23:59:59,4421.879516
2017-10-08 23:59:59,4598.489158
2017-10-09 23:59:59,4760.627945
2017-10-10 23:59:59,4746.937791
2017-10-11 23:59:59,4814.909447
2017-10-12 23:59:59,5438.454008
2017-10-13 23:59:59,5634.969555
2017-10-14 23:59:59,5800.263796
2017-10-15 23:59:59,5688.761308
2017-10-16 23:59:59,5752.18579
2017-10-17 23:59:59,5594.588078
2017-10-18 23:59:59,5577.009011
2017-10-19 23:59:59,5699.300996
2017-10-20 23:59:59,5987.37009
2017-10-21 23:59:59,6013.46
2017-10-22 23:59:59,5993.838767
2017-10-23 23:59:59,5905.05879
2017-10-24 23:59:59,5524.056553
2017-10-25 23:59:59,5739.226825
2017-10-26 23:59:59,5890.175173
2017-10-27 23:59:59,5764.27
2017-10-28 23:59:59,5739.353301
2017-10-29 23:59:59,6138.490766
2017-10-30 23:59:59,6123.090964
2017-10-31 23:59:59,6443.116986
2017-11-01 23:59:59,6741.585617
2017-11-02 23:59:59,7036.636955
2017-11-03 23:59:59,7170.66
2017-11-04 23:59:59,7402.852602
2017-11-05 23:59:59,7383.211826
2017-11-06 23:59:59,6961.565859
2017-11-07 23:59:59,7127.153443
2017-11-08 23:59:59,7465.937481
2017-11-09 23:59:59,7154.705514
2017-11-10 23:59:59,6578.086604
2017-11-11 23:59:59,6351.07
2017-11-12 23:59:59,5880.196368
2017-11-13 23:59:59,6536.501331
2017-11-14 23:59:59,6605.953276
2017-11-15 23:59:59,7294.0
2017-11-16 23:59:59,7839.71199
2017-11-17 23:59:59,7680.417343
2017-11-18 23:59:59,7777.204129
2017-11-19 23:59:59,8035.057864
2017-11-20 23:59:59,8242.038537
2017-11-21 23:59:59,8098.425986
2017-11-22 23:59:59,8242.051059
2017-11-23 23:59:59,8029.540766
2017-11-24 23:59:59,8214.487304
2017-11-25 23:59:59,8793.791479
2017-11-26 23:59:59,9329.889895
2017-11-27 23:59:59,9763.641133
2017-11-28 23:59:59,9944.485737
2017-11-29 23:59:59,9844.372532
2017-11-30 23:59:59,9923.515477
2017-12-01 23:59:59,10858.838475
2017-12-02 23:59:59,10925.125032
2017-12-03 23:59:59,11269.585274
2017-12-04 23:59:59,11621.234367
2017-12-05 23:59:59,11680.59929
2017-12-06 23:59:59,13624.278684
2017-12-07 23:59:59,16736.810692
2017-12-08 23:59:59,16324.79806
2017-12-09 23:59:59,15221.750801
2017-12-10 23:59:59,15326.0
2017-12-11 23:59:59,16821.904683
2017-12-12 23:59:59,17604.68964
2017-12-13 23:59:59,16601.091594
2017-12-14 23:59:59,16646.359
2017-12-15 23:59:59,17722.898559
2017-12-16 23:59:59,19363.194115
2017-12-17 23:59:59,18995.48988
2017-12-18 23:59:59,18942.066258
2017-12-19 23:59:59,17685.879112
2017-12-20 23:59:59,16478.761745
2017-12-21 23:59:59,15656.070108
2017-12-22 23:59:59,14090.88809
2017-12-23 23:59:59,14619.0
2017-12-24 23:59:59,14146.113587
2017-12-25 23:59:59,13916.751084
2017-12-26 23:59:59,15777.095829
2017-12-27 23:59:59,15379.32951
2017-12-28 23:59:59,14446.492319
2017-12-29 23:59:59,14544.524569
2017-12-30 23:59:59,12650.016498
2017-12-31 23:59:59,13880.0
2018-01-01 23:59:59,13406.56
2018-01-02 23:59:59,14762.1514
2018-01-03 23:59:59,15143.01
2018-01-04 23:59:59,15144.70514
2018-01-05 23:59:59,16951.835577
2018-01-06 23:59:59,17130.475045
2018-01-07 23:59:59,16171.295967
2018-01-08 23:59:59,14993.74
2018-01-09 23:59:59,14415.651516
2018-01-10 23:59:59,14883.325743
2018-01-11 23:59:59,13311.83
2018-01-12 23:59:59,13814.466616
2018-01-13 23:59:59,14197.955393
2018-01-14 23:59:59,13650.773768
2018-01-15 23:59:59,13576.829026
2018-01-16 23:59:59,11391.312156
2018-01-17 23:59:59,11176.87
2018-01-18 23:59:59,11296.60886
2018-01-19 23:59:59,11545.513989
2018-01-20 23:59:59,12770.027943
2018-01-21 23:59:59,11511.246551
2018-01-22 23:59:59,10777.428655
2018-01-23 23:59:59,10845.481858
2018-01-24 23:59:59,11392.934418
2018-01-25 23:59:59,11146.757044
2018-01-26 23:59:59,11098.892828
2018-01-27 23:59:59,11428.127458
2018-01-28 23:59:59,11687.914566
2018-01-29 23:59:59,11156.430047
2018-01-30 23:59:59,9983.900768
2018-01-31 23:59:59,10102.082867
2018-02-01 23:59:59,9010.210912
2018-02-02 23:59:59,8810.23804
2018-02-03 23:59:59,9225.86
2018-02-04 23:59:59,8191.321445
2018-02-05 23:59:59,6901.380797
2018-02-06 23:59:59,7702.859319
2018-02-07 23:59:59,7574.66
2018-02-08 23:59:59,8247.357331
2018-02-09 23:59:59,8697.090747
2018-02-10 23:59:59,8547.49
2018-02-11 23:59:59,8075.85073
2018-02-12 23:59:59,8877.655367
2018-02-13 23:59:59,8517.970231
2018-02-14 23:59:59,9490.720299
2018-02-15 23:59:59,10031.23
2018-02-16 23:59:59,10183.787101
2018-02-17 23:59:59,11107.000128
2018-02-18 23:59:59,10380.313698
2018-02-19 23:59:59,11145.484019
2018-02-20 23:59:59,11231.894122
2018-02-21 23:59:59,10454.570087
2018-02-22 23:59:59,9830.052879
2018-02-23 23:59:59,10158.121754
2018-02-24 23:59:59,9689.099311
2018-02-25 23:59:59,9587.23521
2018-02-26 23:59:59,10299.835238
2018-02-27 23:59:59,10552.235218
2018-02-28 23:59:59,10308.764561
2018-03-01 23:59:59,10899.425926
2018-03-02 23:59:59,11022.347339
2018-03-03 23:59:59,11436.249787
2018-03-04 23:59:59,11469.612126
2018-03-05 23:59:59,11417.39
2018-03-06 23:59:59,10710.954232
2018-03-07 23:59:59,9903.169715
2018-03-08 23:59:59,9293.521291
2018-03-09 23:59:59,9252.754183
2018-03-10 23:59:59,8791.47
2018-03-11 23:59:59,9532.172092
2018-03-12 23:59:59,9112.436276
2018-03-13 23:59:59,9149.626682
2018-03-14 23:59:59,8205.017694
2018-03-15 23:59:59,8261.847228
2018-03-16 23:59:59,8275.0
2018-03-17 23:59:59,7879.191714
2018-03-18 23:59:59,8197.220466
2018-03-19 23:59:59,8595.824695
2018-03-20 23:59:59,8902.256878
2018-03-21 23:59:59,8899.509257
2018-03-22 23:59:59,8711.271042
2018-03-23 23:59:59,8915.789665
2018-03-24 23:59:59,8531.34
2018-03-25 23:59:59,8447.770939
2018-03-26 23:59:59,8142.19
2018-03-27 23:59:59,7793.051625
2018-03-28 23:59:59,7933.813283
2018-03-29 23:59:59,7079.99
2018-03-30 23:59:59,6848.139463
2018-03-31 23:59:59,6927.728197
2018-04-01 23:59:59,6815.697789
2018-04-02 23:59:59,7046.429366
2018-04-03 23:59:59,7423.769307
2018-04-04 23:59:59,6793.774277
2018-04-05 23:59:59,6779.343198
2018-04-06 23:59:59,6619.19
2018-04-07 23:59:59,6894.930827
2018-04-08 23:59:59,7022.677389
2018-04-09 23:59:59,6775.957991
2018-04-10 23:59:59,6826.017224
2018-04-11 23:59:59,6941.683907
2018-04-12 23:59:59,7917.796086
2018-04-13 23:59:59,7881.307407
2018-04-14 23:59:59,8001.43687
2018-04-15 23:59:59,8355.123692
2018-04-16 23:59:59,8049.75
2018-04-17 23:59:59,7892.1
2018-04-18 23:59:59,8161.446136
2018-04-19 23:59:59,8273.164653
2018-04-20 23:59:59,8865.467145
2018-04-21 23:59:59,8917.926372
2018-04-22 23:59:59,8794.840383
2018-04-23 23:59:59,8934.736707
2018-04-24 23:59:59,9649.005549
2018-04-25 23:59:59,8864.452339
2018-04-26 23:59:59,9280.0
2018-04-27 23:59:59,8921.54644
2018-04-28 23:59:59,9346.45447
2018-04-29 23:59:59,9389.69
2018-04-30 23:59:59,9241.367911
2018-05-01 23:59:59,9070.332144
2018-05-02 23:59:59,9220.130009
2018-05-03 23:59:59,9730.56991
2018-05-04 23:59:59,9691.780288
2018-05-05 23:59:59,9804.297867
2018-05-06 23:59:59,9600.0
2018-05-07 23:59:59,9361.614965
2018-05-08 23:59:59,9178.292435
2018-05-09 23:59:59,9304.027178
2018-05-10 23:59:59,9012.613281
2018-05-11 23:59:59,8399.74
2018-05-12 23:59:59,8466.944483
2018-05-13 23:59:59,8688.888029
2018-05-14 23:59:59,8674.606343
2018-05-15 23:59:59,8474.775165
2018-05-16 23:59:59,8342.784851
2018-05-17 23:59:59,8062.433181
2018-05-18 23:59:59,8242.034292
2018-05-19 23:59:59,8241.15
2018-05-20 23:59:59,8519.419816
2018-05-21 23:59:59,8397.837734
2018-05-22 23:59:59,7985.357822
2018-05-23 23:59:59,7502.969691
2018-05-24 23:59:59,7584.462499
2018-05-25 23:59:59,7463.81641
2018-05-26 23:59:59,7335.99
2018-05-27 23:59:59,7346.64
2018-05-28 23:59:59,7108.637964
2018-05-29 23:59:59,7460.0
2018-05-30 23:59:59,7378.288276
2018-05-31 23:59:59,7487.363738
2018-06-01 23:59:59,7516.065054
2018-06-02 23:59:59,7637.827337
2018-06-03 23:59:59,7707.476544
2018-06-04 23:59:59,7490.74
2018-06-05 23:59:59,7613.824074
2018-06-06 23:59:59,7655.21824
2018-06-07 23:59:59,7686.557641
2018-06-08 23:59:59,7618.11
2018-06-09 23:59:59,7495.885219
2018-06-10 23:59:59,6765.096481
2018-06-11 23:59:59,6880.15
2018-06-12 23:59:59,6553.106353
2018-06-13 23:59:59,6303.972508
2018-06-14 23:59:59,6640.780498
2018-06-15 23:59:59,6391.056146
2018-06-16 23:59:59,6488.11
2018-06-17 23:59:59,6448.545828
2018-06-18 23:59:59,6709.964404
2018-06-19 23:59:59,6741.171615
2018-06-20 23:59:59,6757.527055
2018-06-21 23:59:59,6719.01
2018-06-22 23:59:59,6059.662975
2018-06-23 23:59:59,6177.21
2018-06-24 23:59:59,6150.979112
2018-06-25 23:59:59,6246.482688
2018-06-26 23:59:59,6074.94
2018-06-27 23:59:59,6133.816145
2018-06-28 23:59:59,5853.423402
2018-06-29 23:59:59,6202.50605
2018-06-30 23:59:59,6385.71
2018-07-01 23:59:59,6348.52
2018-07-02 23:59:59,6610.99
2018-07-03 23:59:59,6502.566954
2018-07-04 23:59:59,6584.71802
2018-07-05 23:59:59,6532.95
2018-07-06 23:59:59,6599.399296
2018-07-07 23:59:59,6755.123658
2018-07-08 23:59:59,6703.506864
2018-07-09 23:59:59,6659.95
2018-07-10 23:59:59,6303.642911
2018-07-11 23:59:59,6380.517065
2018-07-12 23:59:59,6244.248233
2018-07-13 23:59:59,6216.371825
2018-07-14 23:59:59,6246.191146
2018-07-15 23:59:59,6349.3
2018-07-16 23:59:59,6728.264562
2018-07-17 23:59:59,7314.775934
2018-07-18 23:59:59,7376.209545
2018-07-19 23:59:59,7470.868106
2018-07-20 23:59:59,7332.107938
2018-07-21 23:59:59,7408.248919
2018-07-22 23:59:59,7398.299716
2018-07-23 23:59:59,7717.666749
2018-07-24 23:59:59,8403.83
2018-07-25 23:59:59,8159.365684
2018-07-26 23:59:59,7930.914507
2018-07-27 23:59:59,8181.26
2018-07-28 23:59:59,8227.608883
2018-07-29 23:59:59,8216.34
2018-07-30 23:59:59,8165.974378
2018-07-31 23:59:59,7727.18
2018-08-01 23:59:59,7604.760194
2018-08-02 23:59:59,7537.347346
2018-08-03 23:59:59,7414.08
2018-08-04 23:59:59,7004.636173
2018-08-05 23:59:59,7031.367304
2018-08-06 23:59:59,6936.688947
2018-08-07 23:59:59,6718.136633
2018-08-08 23:59:59,6281.532861
2018-08-09 23:59:59,6539.292912
2018-08-10 23:59:59,6145.30363
2018-08-11 23:59:59,6234.13
2018-08-12 23:59:59,6313.781753
2018-08-13 23:59:59,6253.192419
2018-08-14 23:59:59,6193.62
2018-08-15 23:59:59,6272.288183
2018-08-16 23:59:59,6313.51
2018-08-17 23:59:59,6582.317285
2018-08-18 23:59:59,6396.714782
2018-08-19 23:59:59,6489.272882
2018-08-20 23:59:59,6257.620518
2018-08-21 23:59:59,6475.9
2018-08-22 23:59:59,6354.59
2018-08-23 23:59:59,6526.36
2018-08-24 23:59:59,6690.88
2018-08-25 23:59:59,6737.091801
2018-08-26 23:59:59,6708.7892
2018-08-27 23:59:59,6907.72114
2018-08-28 23:59:59,7072.252318
2018-08-29 23:59:59,7035.053814
2018-08-30 23:59:59,6983.160591
2018-08-31 23:59:59,7016.098903
2018-09-01 23:59:59,7191.08
2018-09-02 23:59:59,7294.270231
2018-09-03 23:59:59,7260.458425
2018-09-04 23:59:59,7359.827759
2018-09-05 23:59:59,6681.01919
2018-09-06 23:59:59,6493.545638
2018-09-07 23:59:59,6395.01
2018-09-08 23:59:59,6185.354031
2018-09-09 23:59:59,6235.831929
2018-09-10 23:59:59,6300.881406
2018-09-11 23:59:59,6279.5
2018-09-12 23:59:59,6324.399963
2018-09-13 23:59:59,6485.7
2018-09-14 23:59:59,6478.04
2018-09-15 23:59:59,6521.408362
2018-09-16 23:59:59,6497.98
2018-09-17 23:59:59,6252.045772
2018-09-18 23:59:59,6335.7
2018-09-19 23:59:59,6386.94
2018-09-20 23:59:59,6492.98
2018-09-21 23:59:59,6750.373222
2018-09-22 23:59:59,6709.657231
2018-09-23 23:59:59,6700.167502
2018-09-24 23:59:59,6581.52
2018-09-25 23:59:59,6429.789184
2018-09-26 23:59:59,6457.181191
2018-09-27 23:59:59,6680.722777
2018-09-28 23:59:59,6619.913315
2018-09-29 23:59:59,6582.242888
2018-09-30 23:59:59,6598.798737
2018-10-01 23:59:59,6573.233437
2018-10-02 23:59:59,6500.68
2018-10-03 23:59:59,6463.910721
2018-10-04 23:59:59,6547.45
2018-10-05 23:59:59,6590.227439
2018-10-06 23:59:59,6550.465384
2018-10-07 23:59:59,6571.275353
2018-10-08 23:59:59,6605.747219
2018-10-09 23:59:59,6589.48
2018-10-10 23:59:59,6523.284643
2018-10-11 23:59:59,6154.69
2018-10-12 23:59:59,6187.92505
2018-10-13 23:59:59,6196.456837
2018-10-14 23:59:59,6183.638558
2018-10-15 23:59:59,6439.049438
2018-10-16 23:59:59,6457.401039
2018-10-17 23:59:59,6442.567278
2018-10-18 23:59:59,6394.95
2018-10-19 23:59:59,6384.333295
2018-10-20 23:59:59,6413.960328
2018-10-21 23:59:59,6414.80825
2018-10-22 23:59:59,6408.285042
2018-10-23 23:59:59,6395.063587
2018-10-24 23:59:59,6413.564314
2018-10-25 23:59:59,6394.74335
2018-10-26 23:59:59,6404.87
2018-10-27 23:59:59,6408.492455
2018-10-28 23:59:59,6404.17197
2018-10-29 23:59:59,6265.2
2018-10-30 23:59:59,6268.361536
2018-10-31 23:59:59,6303.599954
2018-11-01 23:59:59,6343.770757
2018-11-02 23:59:59,6349.8
2018-11-03 23:59:59,6332.7449
2018-11-04 23:59:59,6421.939847
2018-11-05 23:59:59,6404.104682
2018-11-06 23:59:59,6447.06
2018-11-07 23:59:59,6501.413828
2018-11-08 23:59:59,6408.463631
2018-11-09 23:59:59,6335.617054
2018-11-10 23:59:59,6348.146138
2018-11-11 23:59:59,6360.101666
2018-11-12 23:59:59,6326.570971
2018-11-13 23:59:59,6260.91
2018-11-14 23:59:59,5599.809557
2018-11-15 23:59:59,5575.56
2018-11-16 23:59:59,5513.283966
2018-11-17 23:59:59,5504.420315
2018-11-18 23:59:59,5557.005967
2018-11-19 23:59:59,4734.06
2018-11-20 23:59:59,4354.46
2018-11-21 23:59:59,4546.596152
2018-11-22 23:59:59,4261.796643
2018-11-23 23:59:59,4288.235543
2018-11-24 23:59:59,3780.94018
2018-11-25 23:59:59,3937.045839
2018-11-26 23:59:59,3724.458365
2018-11-27 23:59:59,3773.21581
2018-11-28 23:59:59,4217.213203
2018-11-29 23:59:59,4245.470551
2018-11-30 23:59:59,3975.83693
2018-12-01 23:59:59,4143.352875
2018-12-02 23:59:59,4099.8
2018-12-03 23:59:59,3833.811826
2018-12-04 23:59:59,3902.707187
2018-12-05 23:59:59,3690.412605
2018-12-06 23:59:59,3433.26
2018-12-07 23:59:59,3380.68
2018-12-08 23:59:59,3398.8
2018-12-09 23:59:59,3532.0
2018-12-10 23:59:59,3411.061752
2018-12-11 23:59:59,3349.534636
2018-12-12 23:59:59,3431.42
2018-12-13 23:59:59,3262.859122
2018-12-14 23:59:59,3194.234582
2018-12-15 23:59:59,3182.968714
2018-12-16 23:59:59,3193.78
2018-12-17 23:59:59,3498.500747
2018-12-18 23:59:59,3667.174003
2018-12-19 23:59:59,3683.591519
2018-12-20 23:59:59,4075.937342
2018-12-21 23:59:59,3838.988031
2018-12-22 23:59:59,3982.023102
2018-12-23 23:59:59,3945.757092
2018-12-24 23:59:59,4034.351456
2018-12-25 23:59:59,3779.99
2018-12-26 23:59:59,3809.329961
2018-12-27 23:59:59,3589.89
2018-12-28 23:59:59,3887.176188
2018-12-29 23:59:59,3725.48
2018-12-30 23:59:59,3829.012202
2018-12-31 23:59:59,3687.99
2019-01-01 23:59:59,3823.17
2019-01-02 23:59:59,3888.287877
2019-01-03 23:59:59,3785.63
2019-01-04 23:59:59,3822.288443
2019-01-05 23:59:59,3798.522747
2019-01-06 23:59:59,4040.99
2019-01-07 23:59:59,4005.45
2019-01-08 23:59:59,3993.86
2019-01-09 23:59:59,4003.125993
2019-01-10 23:59:59,3626.343368
2019-01-11 23:59:59,3634.769387
2019-01-12 23:59:59,3617.194107
2019-01-13 23:59:59,3513.835218
2019-01-14 23:59:59,3664.604374
2019-01-15 23:59:59,3582.296172
2019-01-16 23:59:59,3604.3456
2019-01-17 23:59:59,3640.65
2019-01-18 23:59:59,3607.81
2019-01-19 23:59:59,3683.649002
2019-01-20 23:59:59,3532.15228
2019-01-21 23:59:59,3532.767448
2019-01-22 23:59:59,3576.919875
2019-01-23 23:59:59,3553.084945
2019-01-24 23:59:59,3568.852593
2019-01-25 23:59:59,3561.94893
2019-01-26 23:59:59,3556.267694
2019-01-27 23:59:59,3531.501974
2019-01-28 23:59:59,3430.210848
2019-01-29 23:59:59,3396.355942
2019-01-30 23:59:59,3436.690241
2019-01-31 23:59:59,3410.098739
2019-02-01 23:59:59,3436.820844
2019-02-02 23:59:59,3466.997671
2019-02-03 23:59:59,3415.034721
2019-02-04 23:59:59,3411.362683
2019-02-05 23:59:59,3428.562103
2019-02-06 23:59:59,3367.295834
2019-02-07 23:59:59,3359.0
2019-02-08 23:59:59,3621.776933
2019-02-09 23:59:59,3624.171725
2019-02-10 23:59:59,3648.264867
2019-02-11 23:59:59,3590.275262
2019-02-12 23:59:59,3588.09506
2019-02-13 23:59:59,3577.408928
2019-02-14 23:59:59,3561.257518
2019-02-15 23:59:59,3566.168197
2019-02-16 23:59:59,3581.133166
2019-02-17 23:59:59,3625.105607
2019-02-18 23:59:59,3868.306128
2019-02-19 23:59:59,3891.80336
2019-02-20 23:59:59,3941.50573
2019-02-21 23:59:59,3897.587953
2019-02-22 23:59:59,3942.68607
2019-02-23 23:59:59,4110.104473
2019-02-24 23:59:59,3733.574906
2019-02-25 23:59:59,3818.75
2019-02-26 23:59:59,3798.218188
2019-02-27 23:59:59,3799.1
2019-02-28 23:59:59,3792.215772
2019-03-01 23:59:59,3806.125667
2019-03-02 23:59:59,3809.945752
2019-03-03 23:59:59,3786.354916
2019-03-04 23:59:59,3700.476054
2019-03-05 23:59:59,3845.286998
2019-03-06 23:59:59,3851.53
2019-03-07 23:59:59,3855.889006
2019-03-08 23:59:59,3842.328261
2019-03-09 23:59:59,3917.859274
2019-03-10 23:59:59,3900.548879
2019-03-11 23:59:59,3849.372584
2019-03-12 23:59:59,3859.936147
2019-03-13 23:59:59,3851.424362
2019-03-14 23:59:59,3854.788011
2019-03-15 23:59:59,3901.862799
2019-03-16 23:59:59,3989.844878
2019-03-17 23:59:59,3965.895149
2019-03-18 23:59:59,3969.920763
2019-03-19 23:59:59,3999.878579
2019-03-20 23:59:59,4033.034766
2019-03-21 23:59:59,3974.110358
2019-03-22 23:59:59,3983.471436
2019-03-23 23:59:59,3982.847899
2019-03-24 23:59:59,3969.787377
2019-03-25 23:59:59,3908.080258
2019-03-26 23:59:59,3920.71329
2019-03-27 23:59:59,4026.393909
2019-03-28 23:59:59,4012.428128
2019-03-29 23:59:59,4089.944098
2019-03-30 23:59:59,4094.014305
2019-03-31 23:59:59,4094.948496
2019-04-01 23:59:59,4137.462403
2019-04-02 23:59:59,4902.08657
2019-04-03 23:59:59,4973.955602
2019-04-04 23:59:59,4904.067009
2019-04-05 23:59:59,5037.73002
2019-04-06 23:59:59,5039.662341
2019-04-07 23:59:59,5193.474186
2019-04-08 23:59:59,5289.002225
2019-04-09 23:59:59,5193.5
2019-04-10 23:59:59,5319.910334
2019-04-11 23:59:59,5041.773828
2019-04-12 23:59:59,5078.675255
2019-04-13 23:59:59,5067.616184
2019-04-14 23:59:59,5161.028846
2019-04-15 23:59:59,5035.509901
2019-04-16 23:59:59,5205.065673
2019-04-17 23:59:59,5227.756643
2019-04-18 23:59:59,5281.483653
2019-04-19 23:59:59,5288.910563
2019-04-20 23:59:59,5320.665655
2019-04-21 23:59:59,5298.232137
2019-04-22 23:59:59,5386.724806
2019-04-23 23:59:59,5533.182169
2019-04-24 23:59:59,5443.14
2019-04-25 23:59:59,5134.808307
2019-04-26 23:59:59,5153.65957
2019-04-27 23:59:59,5168.566405
2019-04-28 23:59:59,5156.400477
2019-04-29 23:59:59,5147.75
2019-04-30 23:59:59,5268.802191
2019-05-01 23:59:59,5324.154952
2019-05-02 23:59:59,5389.474386
2019-05-03 23:59:59,5657.335597
2019-05-04 23:59:59,5771.157711
2019-05-05 23:59:59,5715.998559
2019-05-06 23:59:59,5684.9841
2019-05-07 23:59:59,5746.113005
2019-05-08 23:59:59,5940.993917
2019-05-09 23:59:59,6148.723385
2019-05-10 23:59:59,6343.039231
2019-05-11 23:59:59,7225.365309
2019-05-12 23:59:59,6979.948663
2019-05-13 23:59:59,7815.10872
2019-05-14 23:59:59,7991.811739
2019-05-15 23:59:59,8204.663109
2019-05-16 23:59:59,7881.833365
2019-05-17 23:59:59,7360.082599
2019-05-18 23:59:59,7268.582291
2019-05-19 23:59:59,8196.257237
2019-05-20 23:59:59,8002.904127
2019-05-21 23:59:59,7952.816042
2019-05-22 23:59:59,7622.1
2019-05-23 23:59:59,7878.43
2019-05-24 23:59:59,8001.827745
2019-05-25 23:59:59,8068.772709
2019-05-26 23:59:59,8739.930926
2019-05-27 23:59:59,8775.525347
2019-05-28 23:59:59,8718.05221
2019-05-29 23:59:59,8662.269249
2019-05-30 23:59:59,8273.454843
2019-05-31 23:59:59,8554.933365
2019-06-01 23:59:59,8557.340632
2019-06-02 23:59:59,8737.841131
2019-06-03 23:59:59,8112.669243
2019-06-04 23:59:59,7671.14054
2019-06-05 23:59:59,7788.343583
2019-06-06 23:59:59,7801.88687
2019-06-07 23:59:59,8004.398769
2019-06-08 23:59:59,7931.121797
2019-06-09 23:59:59,7642.9414
2019-06-10 23:59:59,8019.495045
2019-06-11 23:59:59,7915.7
2019-06-12 23:59:59,8174.519524
2019-06-13 23:59:59,8235.841458
2019-06-14 23:59:59,8697.8694
2019-06-15 23:59:59,8858.125069
2019-06-16 23:59:59,8982.143519
2019-06-17 23:59:59,9331.687667
2019-06-18 23:59:59,9080.021622
2019-06-19 23:59:59,9280.784754
2019-06-20 23:59:59,9533.197807
2019-06-21 23:59:59,10228.570593
2019-06-22 23:59:59,10668.426427
2019-06-23 23:59:59,10826.154177
2019-06-24 23:59:59,11026.120635
2019-06-25 23:59:59,11757.631004
2019-06-26 23:59:59,12929.5036
2019-06-27 23:59:59,11139.389888
2019-06-28 23:59:59,12368.584506
2019-06-29 23:59:59,11870.721156
2019-06-30 23:59:59,10752.609946
2019-07-01 23:59:59,10570.777448
2019-07-02 23:59:59,10830.826983
2019-07-03 23:59:59,11977.120953
2019-07-04 23:59:59,11150.0
2019-07-05 23:59:59,10987.352
2019-07-06 23:59:59,11231.35707
2019-07-07 23:59:59,11479.254145
2019-07-08 23:59:59,12304.350076
2019-07-09 23:59:59,12574.753069
2019-07-10 23:59:59,12097.508274
2019-07-11 23:59:59,11350.107963
2019-07-12 23:59:59,11804.692907
2019-07-13 23:59:59,11381.517722
2019-07-14 23:59:59,10195.493687
2019-07-15 23:59:59,10856.6023
2019-07-16 23:59:59,9415.753085
2019-07-17 23:59:59,9706.7832
2019-07-18 23:59:59,10644.852544
2019-07-19 23:59:59,10534.865257
2019-07-20 23:59:59,10759.309788
2019-07-21 23:59:59,10588.584428
2019-07-22 23:59:59,10323.210719
2019-07-23 23:59:59,9842.867693
2019-07-24 23:59:59,9771.864
2019-07-25 23:59:59,9875.726288
2019-07-26 23:59:59,9848.306808
2019-07-27 23:59:59,9471.352936
2019-07-28 23:59:59,9531.26966
2019-07-29 23:59:59,9502.682113
2019-07-30 23:59:59,9588.658645
2019-07-31 23:59:59,10090.154297
2019-08-01 23:59:59,10405.915744
2019-08-02 23:59:59,10532.666031
2019-08-03 23:59:59,10819.209975
2019-08-04 23:59:59,10980.723063
2019-08-05 23:59:59,11796.75
2019-08-06 23:59:59,11467.429867
2019-08-07 23:59:59,11963.906722
2019-08-08 23:59:59,11996.067638
2019-08-09 23:59:59,11859.471751
2019-08-10 23:59:59,11285.384263
2019-08-11 23:59:59,11538.25
2019-08-12 23:59:59,11384.2
2019-08-13 23:59:59,10856.532539
2019-08-14 23:59:59,10018.303216
2019-08-15 23:59:59,10300.297588
2019-08-16 23:59:59,10358.089296
2019-08-17 23:59:59,10213.242467
2019-08-18 23:59:59,10320.162595
2019-08-19 23:59:59,10919.85
2019-08-20 23:59:59,10752.214787
2019-08-21 23:59:59,10127.528409
2019-08-22 23:59:59,10113.616054
2019-08-23 23:59:59,10408.505222
2019-08-24 23:59:59,10142.619808
2019-08-25 23:59:59,10141.673802
2019-08-26 23:59:59,10361.608266
2019-08-27 23:59:59,10172.624449
2019-08-28 23:59:59,9718.249401
2019-08-29 23:59:59,9484.267811
2019-08-30 23:59:59,9578.87776
2019-08-31 23:59:59,9601.843677
2019-09-01 23:59:59,9767.628
2019-09-02 23:59:59,10387.439096
2019-09-03 23:59:59,10625.558605
2019-09-04 23:59:59,10583.694285
2019-09-05 23:59:59,10576.585461
2019-09-06 23:59:59,10317.680287
2019-09-07 23:59:59,10487.781465
2019-09-08 23:59:59,10406.847333
2019-09-09 23:59:59,10314.405756
2019-09-10 23:59:59,10099.57728
2019-09-11 23:59:59,10159.561182
2019-09-12 23:59:59,10420.842631
2019-09-13 23:59:59,10362.146418
2019-09-14 23:59:59,10361.189215
2019-09-15 23:59:59,10307.730012
2019-09-16 23:59:59,10265.333287
2019-09-17 23:59:59,10187.572385
2019-09-18 23:59:59,10156.226871
2019-09-19 23:59:59,10275.72274
2019-09-20 23:59:59,10171.324322
2019-09-21 23:59:59,9977.813386
2019-09-22 23:59:59,10030.009399
2019-09-23 23:59:59,9685.724547
2019-09-24 23:59:59,8533.920241
2019-09-25 23:59:59,8434.54325
2019-09-26 23:59:59,8058.424126
2019-09-27 23:59:59,8193.471131
2019-09-28 23:59:59,8218.941346
2019-09-29 23:59:59,8054.403298
2019-09-30 23:59:59,8303.758095
2019-10-01 23:59:59,8322.83896
2019-10-02 23:59:59,8381.225192
2019-10-03 23:59:59,8238.230064
2019-10-04 23:59:59,8155.659455
2019-10-05 23:59:59,8147.448583
2019-10-06 23:59:59,7861.900128
2019-10-07 23:59:59,8209.445408
2019-10-08 23:59:59,8187.882382
2019-10-09 23:59:59,8590.434991
2019-10-10 23:59:59,8585.761518
2019-10-11 23:59:59,8268.655706
2019-10-12 23:59:59,8308.049544
2019-10-13 23:59:59,8282.699983
2019-10-14 23:59:59,8354.836133
2019-10-15 23:59:59,8162.119321
2019-10-16 23:59:59,7999.400865
2019-10-17 23:59:59,8075.419314
2019-10-18 23:59:59,7954.804671
2019-10-19 23:59:59,7961.427785
2019-10-20 23:59:59,8231.86347
2019-10-21 23:59:59,8220.0
2019-10-22 23:59:59,8025.096057
2019-10-23 23:59:59,7474.85
2019-10-24 23:59:59,7431.554336
2019-10-25 23:59:59,8668.187942
2019-10-26 23:59:59,9258.417078
2019-10-27 23:59:59,9549.454863
2019-10-28 23:59:59,9218.625751
2019-10-29 23:59:59,9431.613866
2019-10-30 23:59:59,9166.19765
2019-10-31 23:59:59,9153.75255
2019-11-01 23:59:59,9252.298332
2019-11-02 23:59:59,9305.687816
2019-11-03 23:59:59,9206.52
2019-11-04 23:59:59,9415.514226
2019-11-05 23:59:59,9315.434948
2019-11-06 23:59:59,9342.646522
2019-11-07 23:59:59,9203.975226
2019-11-08 23:59:59,8765.032321
2019-11-09 23:59:59,8808.81812
2019-11-10 23:59:59,9035.201721
2019-11-11 23:59:59,8719.061458
2019-11-12 23:59:59,8808.5
2019-11-13 23:59:59,8760.63327
2019-11-14 23:59:59,8633.820893
2019-11-15 23:59:59,8457.391696
2019-11-16 23:59:59,8482.306161
2019-11-17 23:59:59,8503.196483
2019-11-18 23:59:59,8175.452526
2019-11-19 23:59:59,8121.288679
2019-11-20 23:59:59,8082.04168
2019-11-21 23:59:59,7616.35458
2019-11-22 23:59:59,7285.157042
2019-11-23 23:59:59,7323.710494
2019-11-24 23:59:59,6911.891503
2019-11-25 23:59:59,7128.832327
2019-11-26 23:59:59,7162.320595
2019-11-27 23:59:59,7524.61101
2019-11-28 23:59:59,7431.467493
2019-11-29 23:59:59,7757.10944
2019-11-30 23:59:59,7557.218187
2019-12-01 23:59:59,7406.03007
2019-12-02 23:59:59,7308.536303
2019-12-03 23:59:59,7297.911636
2019-12-04 23:59:59,7193.921351
2019-12-05 23:59:59,7393.96861
2019-12-06 23:59:59,7546.394517
2019-12-07 23:59:59,7504.484296
2019-12-08 23:59:59,7521.978496
2019-12-09 23:59:59,7339.313974
2019-12-10 23:59:59,7220.694258
2019-12-11 23:59:59,7200.56446
2019-12-12 23:59:59,7189.081378
2019-12-13 23:59:59,7250.46117
2019-12-14 23:59:59,7068.467473
2019-12-15 23:59:59,7112.004995
2019-12-16 23:59:59,6878.790545
2019-12-17 23:59:59,6614.99036
2019-12-18 23:59:59,7284.791811
2019-12-19 23:59:59,7150.061923
2019-12-20 23:59:59,7189.75
2019-12-21 23:59:59,7142.739177
2019-12-22 23:59:59,7512.450363
2019-12-23 23:59:59,7323.102237
2019-12-24 23:59:59,7253.663992
2019-12-25 23:59:59,7192.1
2019-12-26 23:59:59,7194.732394
2019-12-27 23:59:59,7244.135023
2019-12-28 23:59:59,7301.227489
2019-12-29 23:59:59,7386.617271
2019-12-30 23:59:59,7218.704277
2019-12-31 23:59:59,7167.521408
2020-01-01 23:59:59,7175.496997
2020-01-02 23:59:59,6945.446804
2020-01-03 23:59:59,7327.5
2020-01-04 23:59:59,7349.38318
2020-01-05 23:59:59,7352.827777
2020-01-06 23:59:59,7761.758455
2020-01-07 23:59:59,8164.04696
2020-01-08 23:59:59,8042.761
2020-01-09 23:59:59,7817.277549
2020-01-10 23:59:59,8191.27947
2020-01-11 23:59:59,8020.884602
2020-01-12 23:59:59,8177.0
2020-01-13 23:59:59,8104.118982
2020-01-14 23:59:59,8835.75
2020-01-15 23:59:59,8813.009213
2020-01-16 23:59:59,8719.913077
2020-01-17 23:59:59,8898.584699
2020-01-18 23:59:59,8909.839856
2020-01-19 23:59:59,8701.63353
2020-01-20 23:59:59,8627.965302
2020-01-21 23:59:59,8724.5
2020-01-22 23:59:59,8658.433024
2020-01-23 23:59:59,8389.910675
2020-01-24 23:59:59,8427.980524
2020-01-25 23:59:59,8329.870923
2020-01-26 23:59:59,8590.794177
2020-01-27 23:59:59,8895.009923
2020-01-28 23:59:59,9389.032646
2020-01-29 23:59:59,9282.484305
2020-01-30 23:59:59,9504.015267
2020-01-31 23:59:59,9332.172634
2020-02-01 23:59:59,9379.339288
2020-02-02 23:59:59,9323.674357
2020-02-03 23:59:59,9285.082337
2020-02-04 23:59:59,9162.402845
2020-02-05 23:59:59,9613.82
2020-02-06 23:59:59,9758.98702
2020-02-07 23:59:59,9811.325616
2020-02-08 23:59:59,9905.769896
2020-02-09 23:59:59,10165.748683
2020-02-10 23:59:59,9854.882377
2020-02-11 23:59:59,10273.990216
2020-02-12 23:59:59,10353.10709
2020-02-13 23:59:59,10240.281345
2020-02-14 23:59:59,10370.400401
2020-02-15 23:59:59,9904.899943
2020-02-16 23:59:59,9928.943974
2020-02-17 23:59:59,9700.379368
2020-02-18 23:59:59,10184.926603
2020-02-19 23:59:59,9602.917052
2020-02-20 23:59:59,9609.777181
2020-02-21 23:59:59,9693.130859
2020-02-22 23:59:59,9669.317787
2020-02-23 23:59:59,9975.75
2020-02-24 23:59:59,9661.415557
2020-02-25 23:59:59,9305.530854
2020-02-26 23:59:59,8784.725339
2020-02-27 23:59:59,8810.0
2020-02-28 23:59:59,8708.89
2020-02-29 23:59:59,8527.474663
2020-03-01 23:59:59,8533.393425
2020-03-02 23:59:59,8913.720954
2020-03-03 23:59:59,8755.815029
2020-03-04 23:59:59,8758.025799
2020-03-05 23:59:59,9067.053657
2020-03-06 23:59:59,9154.738885
2020-03-07 23:59:59,8899.874251
2020-03-08 23:59:59,8035.786058
2020-03-09 23:59:59,7933.318643
2020-03-10 23:59:59,7887.398815
2020-03-11 23:59:59,7937.58778
2020-03-12 23:59:59,4861.322064
2020-03-13 23:59:59,5627.448568
2020-03-14 23:59:59,5165.982928
2020-03-15 23:59:59,5345.35
2020-03-16 23:59:59,5031.989173
2020-03-17 23:59:59,5337.0
2020-03-18 23:59:59,5411.016579
2020-03-19 23:59:59,6187.724951
2020-03-20 23:59:59,6208.812936
2020-03-21 23:59:59,6189.559006
2020-03-22 23:59:59,5824.344986
2020-03-23 23:59:59,6500.695009
2020-03-24 23:59:59,6767.184273
2020-03-25 23:59:59,6695.509919
2020-03-26 23:59:59,6762.16634
2020-03-27 23:59:59,6371.465603
2020-03-28 23:59:59,6255.524409
2020-03-29 23:59:59,5876.86
2020-03-30 23:59:59,6403.2
2020-03-31 23:59:59,6422.559289
2020-04-01 23:59:59,6660.167515
2020-04-02 23:59:59,6805.75
2020-04-03 23:59:59,6740.52706
2020-04-04 23:59:59,6875.623366
2020-04-05 23:59:59,6779.254268
2020-04-06 23:59:59,7345.516406
2020-04-07 23:59:59,7201.158682
2020-04-08 23:59:59,7367.354
2020-04-09 23:59:59,7294.1
2020-04-10 23:59:59,6873.399096
2020-04-11 23:59:59,6887.687746
2020-04-12 23:59:59,6905.482576
2020-04-13 23:59:59,6860.636511
2020-04-14 23:59:59,6874.5
2020-04-15 23:59:59,6623.634454
2020-04-16 23:59:59,7113.133074
2020-04-17 23:59:59,7035.420759
2020-04-18 23:59:59,7259.0
2020-04-19 23:59:59,7129.256549
2020-04-20 23:59:59,6841.926853
2020-04-21 23:59:59,6853.953299
2020-04-22 23:59:59,7136.0
2020-04-23 23:59:59,7484.58
2020-04-24 23:59:59,7507.604816
2020-04-25 23:59:59,7547.61
2020-04-26 23:59:59,7703.953785
2020-04-27 23:59:59,7790.964574
2020-04-28 23:59:59,7764.298622
2020-04-29 23:59:59,8786.877871
2020-04-30 23:59:59,8635.623307
2020-05-01 23:59:59,8826.1956
2020-05-02 23:59:59,8982.816489
2020-05-03 23:59:59,8905.564403
2020-05-04 23:59:59,8886.3
2020-05-05 23:59:59,9033.224783
2020-05-06 23:59:59,9156.000809
2020-05-07 23:59:59,10000.0
2020-05-08 23:59:59,9812.229698
2020-05-09 23:59:59,9542.272596
2020-05-10 23:59:59,8734.0
2020-05-11 23:59:59,8572.4
2020-05-12 23:59:59,8822.42
2020-05-13 23:59:59,9316.016406
2020-05-14 23:59:59,9791.834256
2020-05-15 23:59:59,9308.92965
2020-05-16 23:59:59,9384.816315
2020-05-17 23:59:59,9671.310352
2020-05-18 23:59:59,9723.959803
2020-05-19 23:59:59,9783.135337
2020-05-20 23:59:59,9512.694286
2020-05-21 23:59:59,9057.3
2020-05-22 23:59:59,9168.5
2020-05-23 23:59:59,9178.6
2020-05-24 23:59:59,8718.5
2020-05-25 23:59:59,8898.454371
2020-05-26 23:59:59,8844.055452
2020-05-27 23:59:59,9200.247907
2020-05-28 23:59:59,9577.9
2020-05-29 23:59:59,9425.0
2020-05-30 23:59:59,9699.862342
2020-05-31 23:59:59,9448.44
2020-06-01 23:59:59,10204.6
2020-06-02 23:59:59,9525.73
2020-06-03 23:59:59,9664.1
2020-06-04 23:59:59,9792.58834
2020-06-05 23:59:59,9619.99
2020-06-06 23:59:59,9670.623423
2020-06-07 23:59:59,9752.169349
2020-06-08 23:59:59,9782.899891
2020-06-09 23:59:59,9777.811865
2020-06-10 23:59:59,9892.567929
2020-06-11 23:59:59,9267.510124
2020-06-12 23:59:59,9460.119213
2020-06-13 23:59:59,9471.264459
2020-06-14 23:59:59,9330.4
2020-06-15 23:59:59,9427.487209
2020-06-16 23:59:59,9523.893977
2020-06-17 23:59:59,9454.874028
2020-06-18 23:59:59,9380.870252
2020-06-19 23:59:59,9299.0
2020-06-20 23:59:59,9356.73807
2020-06-21 23:59:59,9283.520842
2020-06-22 23:59:59,9691.680628
2020-06-23 23:59:59,9622.3
2020-06-24 23:59:59,9286.06
2020-06-25 23:59:59,9242.805252
2020-06-26 23:59:59,9155.315938
2020-06-27 23:59:59,9003.364662
2020-06-28 23:59:59,9118.01
2020-06-29 23:59:59,9184.180386
2020-06-30 23:59:59,9135.931565
2020-07-01 23:59:59,9235.438742
2020-07-02 23:59:59,9090.015161
2020-07-03 23:59:59,9065.500081
2020-07-04 23:59:59,9138.5
2020-07-05 23:59:59,9083.8
2020-07-06 23:59:59,9346.448521
2020-07-07 23:59:59,9253.988524
2020-07-08 23:59:59,9437.699097
2020-07-09 23:59:59,9237.455308
2020-07-10 23:59:59,9286.942248
2020-07-11 23:59:59,9235.143666
2020-07-12 23:59:59,9299.538653
2020-07-13 23:59:59,9236.91
2020-07-14 23:59:59,9255.128114
2020-07-15 23:59:59,9191.484156
2020-07-16 23:59:59,9130.44172
2020-07-17 23:59:59,9154.163861
2020-07-18 23:59:59,9174.642023
2020-07-19 23:59:59,9213.238584
2020-07-20 23:59:59,9162.423377
2020-07-21 23:59:59,9393.385193
2020-07-22 23:59:59,9537.23
2020-07-23 23:59:59,9614.892642
2020-07-24 23:59:59,9551.22437
2020-07-25 23:59:59,9710.2
2020-07-26 23:59:59,9940.53292
2020-07-27 23:59:59,11045.5
2020-07-28 23:59:59,10933.5
2020-07-29 23:59:59,11110.779249
2020-07-30 23:59:59,11112.39206
2020-07-31 23:59:59,11351.67
2020-08-01 23:59:59,11816.057687
2020-08-02 23:59:59,11065.305792
2020-08-03 23:59:59,11237.354858
2020-08-04 23:59:59,11194.363266
2020-08-05 23:59:59,11752.296549
2020-08-06 23:59:59,11773.533625
2020-08-07 23:59:59,11604.023443
2020-08-08 23:59:59,11772.251532
2020-08-09 23:59:59,11688.53133
2020-08-10 23:59:59,11895.310159
2020-08-11 23:59:59,11391.014647
2020-08-12 23:59:59,11569.186093
2020-08-13 23:59:59,11793.26
2020-08-14 23:59:59,11774.293194
2020-08-15 23:59:59,11861.664293
2020-08-16 23:59:59,11916.277583
2020-08-17 23:59:59,12298.38
2020-08-18 23:59:59,11956.548612
2020-08-19 23:59:59,11757.4
2020-08-20 23:59:59,11864.6
2020-08-21 23:59:59,11525.160934
2020-08-22 23:59:59,11674.5
2020-08-23 23:59:59,11650.854674
2020-08-24 23:59:59,11759.941293
2020-08-25 23:59:59,11328.768901
2020-08-26 23:59:59,11464.042672
2020-08-27 23:59:59,11327.9
2020-08-28 23:59:59,11531.95454
2020-08-29 23:59:59,11476.629603
2020-08-30 23:59:59,11714.23514
2020-08-31 23:59:59,11656.432744
2020-09-01 23:59:59,11923.96
2020-09-02 23:59:59,11396.857033
2020-09-03 23:59:59,10176.247978
2020-09-04 23:59:59,10464.0
2020-09-05 23:59:59,10161.158957
2020-09-06 23:59:59,10255.030965
2020-09-07 23:59:59,10373.5
2020-09-08 23:59:59,10123.3
2020-09-09 23:59:59,10227.244121
2020-09-10 23:59:59,10347.067816
2020-09-11 23:59:59,10394.814239
2020-09-12 23:59:59,10446.613916
2020-09-13 23:59:59,10329.405505
2020-09-14 23:59:59,10676.624682
2020-09-15 23:59:59,10784.162077
2020-09-16 23:59:59,10950.87909
2020-09-17 23:59:59,10942.731599
2020-09-18 23:59:59,10934.33551
2020-09-19 23:59:59,11080.588884
2020-09-20 23:59:59,10919.855458
2020-09-21 23:59:59,10415.37887
2020-09-22 23:59:59,10531.531053
2020-09-23 23:59:59,10231.548608
2020-09-24 23:59:59,10740.01
2020-09-25 23:59:59,10691.173933
2020-09-26 23:59:59,10731.960988
2020-09-27 23:59:59,10776.1
2020-09-28 23:59:59,10694.166355
2020-09-29 23:59:59,10840.319574
2020-09-30 23:59:59,10776.583205
2020-10-01 23:59:59,10618.035721
2020-10-02 23:59:59,10573.5
2020-10-03 23:59:59,10549.847509
2020-10-04 23:59:59,10674.834808
2020-10-05 23:59:59,10795.0
2020-10-06 23:59:59,10602.750593
2020-10-07 23:59:59,10670.5
2020-10-08 23:59:59,10929.284091
2020-10-09 23:59:59,11060.5
2020-10-10 23:59:59,11301.5
2020-10-11 23:59:59,11375.652494
2020-10-12 23:59:59,11535.98
2020-10-13 23:59:59,11426.687826
2020-10-14 23:59:59,11429.015304
2020-10-15 23:59:59,11504.324894
2020-10-16 23:59:59,11324.296966
2020-10-17 23:59:59,11365.516058
2020-10-18 23:59:59,11509.226701
2020-10-19 23:59:59,11757.689871
2020-10-20 23:59:59,11922.278772
2020-10-21 23:59:59,12813.0
2020-10-22 23:59:59,12991.159427
2020-10-23 23:59:59,12941.59
2020-10-24 23:59:59,13126.374084
2020-10-25 23:59:59,13039.553126
2020-10-26 23:59:59,13073.470598
2020-10-27 23:59:59,13649.6
2020-10-28 23:59:59,13286.837578
2020-10-29 23:59:59,13460.0
2020-10-30 23:59:59,13565.78586
2020-10-31 23:59:59,13808.609217
2020-11-01 23:59:59,13765.144079
2020-11-02 23:59:59,13573.0
2020-11-03 23:59:59,14025.929379
2020-11-04 23:59:59,14163.302878
2020-11-05 23:59:59,15605.181292
2020-11-06 23:59:59,15600.816512
2020-11-07 23:59:59,14835.876874
2020-11-08 23:59:59,15485.693924
2020-11-09 23:59:59,15334.136064
2020-11-10 23:59:59,15318.166201
2020-11-11 23:59:59,15708.855264
2020-11-12 23:59:59,16303.000561
2020-11-13 23:59:59,16341.460783
2020-11-14 23:59:59,16085.5
2020-11-15 23:59:59,15967.412811
2020-11-16 23:59:59,16716.245737
2020-11-17 23:59:59,17680.63
2020-11-18 23:59:59,17794.829593
2020-11-19 23:59:59,17823.010767
2020-11-20 23:59:59,18680.966329
2020-11-21 23:59:59,18708.7
2020-11-22 23:59:59,18441.232355
2020-11-23 23:59:59,18392.946453
2020-11-24 23:59:59,19167.204511
2020-11-25 23:59:59,18730.790821
2020-11-26 23:59:59,17164.495378
2020-11-27 23:59:59,17142.042577
2020-11-28 23:59:59,17736.484115
2020-11-29 23:59:59,18194.219582
2020-11-30 23:59:59,19705.472477
2020-12-01 23:59:59,18788.483299
2020-12-02 23:59:59,19226.595675
2020-12-03 23:59:59,19450.81282
2020-12-04 23:59:59,18663.984099
2020-12-05 23:59:59,19157.732135
2020-12-06 23:59:59,19379.229786
2020-12-07 23:59:59,19180.078916
2020-12-08 23:59:59,18320.986767
2020-12-09 23:59:59,18549.094214
2020-12-10 23:59:59,18245.5
2020-12-11 23:59:59,18029.2024
2020-12-12 23:59:59,18808.192565
2020-12-13 23:59:59,19162.561718
2020-12-14 23:59:59,19274.021524
2020-12-15 23:59:59,19440.540746
2020-12-16 23:59:59,21379.007416
2020-12-17 23:59:59,22837.68
2020-12-18 23:59:59,23144.0
2020-12-19 23:59:59,23864.021351
2020-12-20 23:59:59,23480.7
2020-12-21 23:59:59,22725.215959
2020-12-22 23:59:59,23829.497467
2020-12-23 23:59:59,23245.19675
2020-12-24 23:59:59,23721.661653
2020-12-25 23:59:59,24698.808565
2020-12-26 23:59:59,26456.487898
2020-12-27 23:59:59,26251.4
2020-12-28 23:59:59,27038.06
2020-12-29 23:59:59,27371.80486
2020-12-30 23:59:59,28890.121951
2020-12-31 23:59:59,28984.983403
2021-01-01 23:59:59,29405.123461
2021-01-02 23:59:59,32216.53
2021-01-03 23:59:59,33071.5
2021-01-04 23:59:59,32042.188855
2021-01-05 23:59:59,34043.030762
2021-01-06 23:59:59,36881.170952
2021-01-07 23:59:59,39506.26984
2021-01-08 23:59:59,40652.065835
2021-01-09 23:59:59,40256.346011
2021-01-10 23:59:59,38179.5
2021-01-11 23:59:59,35481.057702
2021-01-12 23:59:59,34044.894589
2021-01-13 23:59:59,37390.0
2021-01-14 23:59:59,39151.6
2021-01-15 23:59:59,36764.5
2021-01-16 23:59:59,36029.171468
2021-01-17 23:59:59,35816.4
2021-01-18 23:59:59,36616.95
2021-01-19 23:59:59,35926.5
2021-01-20 23:59:59,35507.803281
2021-01-21 23:59:59,30807.529536
2021-01-22 23:59:59,33014.831913
2021-01-23 23:59:59,32115.154164
2021-01-24 23:59:59,32285.63
2021-01-25 23:59:59,32262.006948
2021-01-26 23:59:59,32523.852888
2021-01-27 23:59:59,30425.14
2021-01-28 23:59:59,33447.108681
2021-01-29 23:59:59,34262.11
2021-01-30 23:59:59,34312.022326
2021-01-31 23:59:59,33138.745496
2021-02-01 23:59:59,33533.9
2021-02-02 23:59:59,35514.8091
2021-02-03 23:59:59,37692.0
2021-02-04 23:59:59,36995.561559
2021-02-05 23:59:59,38310.5
2021-02-06 23:59:59,39282.1
2021-02-07 23:59:59,38876.5
2021-02-08 23:59:59,46438.87799
2021-02-09 23:59:59,46527.0
2021-02-10 23:59:59,44870.0
2021-02-11 23:59:59,48005.26156
2021-02-12 23:59:59,47432.705766
2021-02-13 23:59:59,47215.517268
2021-02-14 23:59:59,48673.34338
2021-02-15 23:59:59,47942.57
2021-02-16 23:59:59,49166.53
2021-02-17 23:59:59,52132.086774
2021-02-18 23:59:59,51600.9
2021-02-19 23:59:59,55947.905479
2021-02-20 23:59:59,55980.732876
2021-02-21 23:59:59,57492.185619
2021-02-22 23:59:59,54147.641321
2021-02-23 23:59:59,48902.980452
2021-02-24 23:59:59,49736.637676
2021-02-25 23:59:59,47078.682328
2021-02-26 23:59:59,46322.48
2021-02-27 23:59:59,46170.301647
2021-02-28 23:59:59,45245.4
2021-03-01 23:59:59,49639.27577
2021-03-02 23:59:59,48490.374241
2021-03-03 23:59:59,50400.0
2021-03-04 23:59:59,48355.17808
2021-03-05 23:59:59,48770.261958
2021-03-06 23:59:59,48894.999447
2021-03-07 23:59:59,50963.351492
2021-03-08 23:59:59,52379.992914
2021-03-09 23:59:59,54913.7
2021-03-10 23:59:59,55900.0
2021-03-11 23:59:59,57798.3811
2021-03-12 23:59:59,57240.13897
2021-03-13 23:59:59,61177.2
2021-03-14 23:59:59,59004.410836
2021-03-15 23:59:59,55617.800503
2021-03-16 23:59:59,56903.301661
2021-03-17 23:59:59,58930.0
2021-03-18 23:59:59,57648.05
2021-03-19 23:59:59,58088.134413
2021-03-20 23:59:59,58095.067585
2021-03-21 23:59:59,57386.956984
2021-03-22 23:59:59,54108.25
2021-03-23 23:59:59,54389.409832
2021-03-24 23:59:59,52293.8
2021-03-25 23:59:59,51355.262804
2021-03-26 23:59:59,55074.908349
2021-03-27 23:59:59,55868.769462
2021-03-28 23:59:59,55780.246
2021-03-29 23:59:59,57611.726034
2021-03-30 23:59:59,58774.064922
2021-03-31 23:59:59,58787.552123
2021-04-01 23:59:59,58726.47
2021-04-02 23:59:59,59002.133164
2021-04-03 23:59:59,57093.160139
2021-04-04 23:59:59,58212.383326
2021-04-05 23:59:59,59103.838674
2021-04-06 23:59:59,58018.3
2021-04-07 23:59:59,55936.684471
2021-04-08 23:59:59,58070.609769
2021-04-09 23:59:59,58092.68
2021-04-10 23:59:59,59777.850176
2021-04-11 23:59:59,59967.874311
2021-04-12 23:59:59,59842.885547
2021-04-13 23:59:59,63569.814955
2021-04-14 23:59:59,62986.09
2021-04-15 23:59:59,63255.649494
2021-04-16 23:59:59,61435.176101
2021-04-17 23:59:59,60087.754743
2021-04-18 23:59:59,56273.378701
2021-04-19 23:59:59,55699.006177
2021-04-20 23:59:59,56503.2
2021-04-21 23:59:59,53812.024525
2021-04-22 23:59:59,51730.0
2021-04-23 23:59:59,51176.65
2021-04-24 23:59:59,50110.561377
2021-04-25 23:59:59,49106.5
2021-04-26 23:59:59,54056.265223
2021-04-27 23:59:59,55072.380008
2021-04-28 23:59:59,54880.529866
2021-04-29 23:59:59,53583.734838
2021-04-30 23:59:59,57798.77
2021-05-01 23:59:59,57859.180663
2021-05-02 23:59:59,56619.927891
2021-05-03 23:59:59,57201.591202
2021-05-04 23:59:59,53250.0
2021-05-05 23:59:59,57498.39779
2021-05-06 23:59:59,56430.206955
2021-05-07 23:59:59,57383.0
2021-05-08 23:59:59,58953.8
2021-05-09 23:59:59,58293.1
2021-05-10 23:59:59,55886.040695
2021-05-11 23:59:59,56749.203467
2021-05-12 23:59:59,49444.75
2021-05-13 23:59:59,49698.931796
2021-05-14 23:59:59,49885.337555
2021-05-15 23:59:59,46708.89
2021-05-16 23:59:59,46444.75
2021-05-17 23:59:59,43561.339444
2021-05-18 23:59:59,42908.212264
2021-05-19 23:59:59,36776.0
2021-05-20 23:59:59,40611.741012
2021-05-21 23:59:59,37344.9
2021-05-22 23:59:59,37483.955135
2021-05-23 23:59:59,34707.267051
2021-05-24 23:59:59,38780.396832
2021-05-25 23:59:59,38389.178091
2021-05-26 23:59:59,39283.9
2021-05-27 23:59:59,38503.47
2021-05-28 23:59:59,35691.485441
2021-05-29 23:59:59,34622.508448
2021-05-30 23:59:59,35673.123352
2021-05-31 23:59:59,37304.800126
2021-06-01 23:59:59,36678.711034
2021-06-02 23:59:59,37576.241784
2021-06-03 23:59:59,39211.009107
2021-06-04 23:59:59,36861.787174
2021-06-05 23:59:59,35542.643699
2021-06-06 23:59:59,35809.66
2021-06-07 23:59:59,33587.52163
2021-06-08 23:59:59,33404.62061
2021-06-09 23:59:59,37394.0
2021-06-10 23:59:59,36679.973937
2021-06-11 23:59:59,37326.228447
2021-06-12 23:59:59,35542.0
2021-06-13 23:59:59,39040.4
2021-06-14 23:59:59,40530.495
2021-06-15 23:59:59,40171.47
2021-06-16 23:59:59,38341.975932
2021-06-17 23:59:59,38076.0
2021-06-18 23:59:59,35790.22
2021-06-19 23:59:59,35507.06
2021-06-20 23:59:59,35585.5
2021-06-21 23:59:59,31655.2
2021-06-22 23:59:59,32516.2
2021-06-23 23:59:59,33669.197309
2021-06-24 23:59:59,34651.093946
2021-06-25 23:59:59,31600.5
2021-06-26 23:59:59,32273.0
2021-06-27 23:59:59,34678.928153
2021-06-28 23:59:59,34472.0
2021-06-29 23:59:59,35038.210655
2021-06-30 23:59:59,35045.523661
2021-07-01 23:59:59,33541.988997
2021-07-02 23:59:59,33811.56
2021-07-03 23:59:59,34682.877855
2021-07-04 23:59:59,35298.929966
2021-07-05 23:59:59,33717.386154
2021-07-06 23:59:59,34230.441999
2021-07-07 23:59:59,33874.860081
2021-07-08 23:59:59,32880.183855
2021-07-09 23:59:59,33812.391515
2021-07-10 23:59:59,33513.197442
2021-07-11 23:59:59,34239.065308
2021-07-12 23:59:59,33107.84
2021-07-13 23:59:59,32729.120502
2021-07-14 23:59:59,32818.176505
2021-07-15 23:59:59,31857.436838
2021-07-16 23:59:59,31396.633538
2021-07-17 23:59:59,31522.353236
2021-07-18 23:59:59,31786.011383
2021-07-19 23:59:59,30822.207157
2021-07-20 23:59:59,29789.94
2021-07-21 23:59:59,32125.0
2021-07-22 23:59:59,32280.94
2021-07-23 23:59:59,33638.9
2021-07-24 23:59:59,34284.6
2021-07-25 23:59:59,35415.15719
2021-07-26 23:59:59,37291.24
2021-07-27 23:59:59,39491.920955
2021-07-28 23:59:59,40018.316221
2021-07-29 23:59:59,40025.273586
2021-07-30 23:59:59,42209.9
2021-07-31 23:59:59,41454.1
2021-08-01 23:59:59,39889.1
2021-08-02 23:59:59,39170.988243
2021-08-03 23:59:59,38163.0
2021-08-04 23:59:59,39732.674504
2021-08-05 23:59:59,40885.5
2021-08-06 23:59:59,42835.756114
2021-08-07 23:59:59,44637.441867
2021-08-08 23:59:59,43829.15
2021-08-09 23:59:59,46307.1
2021-08-10 23:59:59,45603.173957
2021-08-11 23:59:59,45576.148313
2021-08-12 23:59:59,44425.291339
2021-08-13 23:59:59,47833.62112
2021-08-14 23:59:59,47102.075494
2021-08-15 23:59:59,47028.3
2021-08-16 23:59:59,45930.51
2021-08-17 23:59:59,44682.032497
2021-08-18 23:59:59,44721.13
2021-08-19 23:59:59,46759.04603
2021-08-20 23:59:59,49336.563516
2021-08-21 23:59:59,48884.34
2021-08-22 23:59:59,49299.916729
2021-08-23 23:59:59,49542.070619
2021-08-24 23:59:59,47716.28431
2021-08-25 23:59:59,48987.65
2021-08-26 23:59:59,46852.169873
2021-08-27 23:59:59,49074.9
2021-08-28 23:59:59,48919.620247
2021-08-29 23:59:59,48800.467389
2021-08-30 23:59:59,46992.592288
2021-08-31 23:59:59,47132.032415
2021-09-01 23:59:59,48849.400933
2021-09-02 23:59:59,49290.3
2021-09-03 23:59:59,50024.051161
2021-09-04 23:59:59,49941.214171
2021-09-05 23:59:59,51786.697327
2021-09-06 23:59:59,52691.899881
2021-09-07 23:59:59,46843.218
2021-09-08 23:59:59,46072.2974
2021-09-09 23:59:59,46382.152118
2021-09-10 23:59:59,44847.911819
2021-09-11 23:59:59,45162.011898
2021-09-12 23:59:59,46061.3
2021-09-13 23:59:59,44966.235424
2021-09-14 23:59:59,47103.18
2021-09-15 23:59:59,48149.959621
2021-09-16 23:59:59,47763.887278
2021-09-17 23:59:59,47287.782353
2021-09-18 23:59:59,48315.197439
2021-09-19 23:59:59,47246.934015
2021-09-20 23:59:59,42993.0
2021-09-21 23:59:59,40654.915564
2021-09-22 23:59:59,43578.001378
2021-09-23 23:59:59,44893.893303
2021-09-24 23:59:59,42846.953749
2021-09-25 23:59:59,42709.748968
2021-09-26 23:59:59,43191.06
2021-09-27 23:59:59,42189.81
2021-09-28 23:59:59,41041.971491
2021-09-29 23:59:59,41538.222404
2021-09-30 23:59:59,43798.7
2021-10-01 23:59:59,48163.141468
2021-10-02 23:59:59,47685.143161
2021-10-03 23:59:59,48224.470492
2021-10-04 23:59:59,49235.806046
2021-10-05 23:59:59,51507.373896
2021-10-06 23:59:59,55349.498323
2021-10-07 23:59:59,53790.435009
2021-10-08 23:59:59,53933.773768
2021-10-09 23:59:59,54956.034969
2021-10-10 23:59:59,54714.95
2021-10-11 23:59:59,57493.059404
2021-10-12 23:59:59,55995.49
2021-10-13 23:59:59,57378.008691
2021-10-14 23:59:59,57355.5
2021-10-15 23:59:59,61684.286623
2021-10-16 23:59:59,60870.26
2021-10-17 23:59:59,61527.559626
2021-10-18 23:59:59,62064.09
2021-10-19 23:59:59,64276.538824
2021-10-20 23:59:59,66008.473976
2021-10-21 23:59:59,62211.535675
2021-10-22 23:59:59,60691.482567
2021-10-23 23:59:59,61326.307736
2021-10-24 23:59:59,60871.595593
2021-10-25 23:59:59,63081.8
2021-10-26 23:59:59,60317.605367
2021-10-27 23:59:59,58475.394967
2021-10-28 23:59:59,60592.76
2021-10-29 23:59:59,62266.303808
2021-10-30 23:59:59,61864.893408
2021-10-31 23:59:59,61356.063842
2021-11-01 23:59:59,60954.5
2021-11-02 23:59:59,63258.73
2021-11-03 23:59:59,62942.9
2021-11-04 23:59:59,61446.47
2021-11-05 23:59:59,61028.214505
2021-11-06 23:59:59,61536.394524
2021-11-07 23:59:59,63300.280204
2021-11-08 23:59:59,67553.94893
2021-11-09 23:59:59,66935.885091
2021-11-10 23:59:59,64972.242739
2021-11-11 23:59:59,64837.489746
2021-11-12 23:59:59,64158.41
2021-11-13 23:59:59,64414.909083
2021-11-14 23:59:59,65496.011455
2021-11-15 23:59:59,63617.049289
2021-11-16 23:59:59,60128.563125
2021-11-17 23:59:59,60373.362838
2021-11-18 23:59:59,56921.7
2021-11-19 23:59:59,58128.423689
2021-11-20 23:59:59,59752.144235
2021-11-21 23:59:59,58684.5
2021-11-22 23:59:59,56309.762162
2021-11-23 23:59:59,57576.849631
2021-11-24 23:59:59,57193.709727
2021-11-25 23:59:59,58959.315555
2021-11-26 23:59:59,53712.21
2021-11-27 23:59:59,54784.9
2021-11-28 23:59:59,57303.185972
2021-11-29 23:59:59,57834.357549
2021-11-30 23:59:59,56973.182042
2021-12-01 23:59:59,57237.271634
2021-12-02 23:59:59,56524.829562
2021-12-03 23:59:59,53694.69
2021-12-04 23:59:59,49266.12
2021-12-05 23:59:59,49455.282036
2021-12-06 23:59:59,50564.3
2021-12-07 23:59:59,50638.162863
2021-12-08 23:59:59,50512.038512
2021-12-09 23:59:59,47594.381934
2021-12-10 23:59:59,47162.32405
2021-12-11 23:59:59,49353.419314
2021-12-12 23:59:59,50103.541821
2021-12-13 23:59:59,46732.738495
2021-12-14 23:59:59,48386.307184
2021-12-15 23:59:59,48881.3
2021-12-16 23:59:59,47641.297379
2021-12-17 23:59:59,46177.88798
2021-12-18 23:59:59,46859.394278
2021-12-19 23:59:59,46688.4
2021-12-20 23:59:59,46910.249593
2021-12-21 23:59:59,48921.134112
2021-12-22 23:59:59,48610.619112
2021-12-23 23:59:59,50807.0
2021-12-24 23:59:59,50834.3
2021-12-25 23:59:59,50430.073507
2021-12-26 23:59:59,50792.036921
2021-12-27 23:59:59,50696.80216
2021-12-28 23:59:59,47535.309698
2021-12-29 23:59:59,46471.23
2021-12-30 23:59:59,47128.468155
2021-12-31 23:59:59,46208.210437
2022-01-01 23:59:59,47739.420026
2022-01-02 23:59:59,47317.947964
2022-01-03 23:59:59,46434.508081
2022-01-04 23:59:59,45837.130344
2022-01-05 23:59:59,43428.699545
2022-01-06 23:59:59,43107.257821
2022-01-07 23:59:59,41534.350712
2022-01-08 23:59:59,41687.227593
2022-01-09 23:59:59,41861.803632
2022-01-10 23:59:59,41838.40628
2022-01-11 23:59:59,42737.637061
2022-01-12 23:59:59,43921.81
2022-01-13 23:59:59,42558.937409
2022-01-14 23:59:59,43090.200356
2022-01-15 23:59:59,43104.686581
2022-01-16 23:59:59,43102.957367
2022-01-17 23:59:59,42223.860989
2022-01-18 23:59:59,42374.851714
2022-01-19 23:59:59,41684.390662
2022-01-20 23:59:59,40716.680726
2022-01-21 23:59:59,36485.436798
2022-01-22 23:59:59,35071.804446
2022-01-23 23:59:59,36285.926944
2022-01-24 23:59:59,36699.614179
2022-01-25 23:59:59,36971.571269
2022-01-26 23:59:59,36827.674589
2022-01-27 23:59:59,37197.821249
2022-01-28 23:59:59,37748.36
2022-01-29 23:59:59,38176.097725
2022-01-30 23:59:59,37928.575488
2022-01-31 23:59:59,38499.876388
2022-02-01 23:59:59,38722.518519
2022-02-02 23:59:59,36923.5
2022-02-03 23:59:59,37303.9
2022-02-04 23:59:59,41586.856262
2022-02-05 23:59:59,41420.436241
2022-02-06 23:59:59,42414.080523
2022-02-07 23:59:59,43861.85
2022-02-08 23:59:59,44074.346549
2022-02-09 23:59:59,44421.009164
2022-02-10 23:59:59,43522.24137
2022-02-11 23:59:59,42394.14545
2022-02-12 23:59:59,42233.71305
2022-02-13 23:59:59,42067.755487
2022-02-14 23:59:59,42554.261521
2022-02-15 23:59:59,44568.012512
2022-02-16 23:59:59,43892.009523
2022-02-17 23:59:59,40551.711864
2022-02-18 23:59:59,40003.137465
2022-02-19 23:59:59,40108.394478
2022-02-20 23:59:59,38382.480779
2022-02-21 23:59:59,37023.842713
2022-02-22 23:59:59,38263.386141
2022-02-23 23:59:59,37246.881311
2022-02-24 23:59:59,38357.462897
2022-02-25 23:59:59,39231.64
2022-02-26 23:59:59,39130.085235
2022-02-27 23:59:59,37709.356
2022-02-28 23:59:59,43198.68
2022-03-01 23:59:59,44431.953551
2022-03-02 23:59:59,43928.347435
2022-03-03 23:59:59,42462.291232
2022-03-04 23:59:59,39148.996452
2022-03-05 23:59:59,39404.23462
2022-03-06 23:59:59,38408.339533
2022-03-07 23:59:59,38031.135154
2022-03-08 23:59:59,38744.032635
2022-03-09 23:59:59,41960.02
2022-03-10 23:59:59,39440.408544
2022-03-11 23:59:59,38738.49
2022-03-12 23:59:59,38800.279442
2022-03-13 23:59:59,37802.623407
2022-03-14 23:59:59,39678.131152
2022-03-15 23:59:59,39309.01199
2022-03-16 23:59:59,41132.310871
2022-03-17 23:59:59,40954.043591
2022-03-18 23:59:59,41790.073561
2022-03-19 23:59:59,42233.526299
2022-03-20 23:59:59,41275.051102
2022-03-21 23:59:59,41034.063875
2022-03-22 23:59:59,42374.196516
2022-03-23 23:59:59,42916.311668
2022-03-24 23:59:59,44010.103407
2022-03-25 23:59:59,44332.156926
2022-03-26 23:59:59,44544.796694
2022-03-27 23:59:59,46862.102776
2022-03-28 23:59:59,47126.903722
2022-03-29 23:59:59,47456.951668
2022-03-30 23:59:59,47067.966362
2022-03-31 23:59:59,45524.3
2022-04-01 23:59:59,46295.241156
2022-04-02 23:59:59,45817.19685
2022-04-03 23:59:59,46423.4
2022-04-04 23:59:59,46612.073761
2022-04-05 23:59:59,45504.522143
2022-04-06 23:59:59,43172.566463
2022-04-07 23:59:59,43467.050187
2022-04-08 23:59:59,42283.048898
2022-04-09 23:59:59,42767.734685
2022-04-10 23:59:59,42143.329879
2022-04-11 23:59:59,39497.772463
2022-04-12 23:59:59,40087.35765
2022-04-13 23:59:59,41147.74
2022-04-14 23:59:59,39945.687044
2022-04-15 23:59:59,40567.118471
2022-04-16 23:59:59,40388.217354
2022-04-17 23:59:59,39695.75
2022-04-18 23:59:59,40806.617135
2022-04-19 23:59:59,41505.132632
2022-04-20 23:59:59,41373.989651
2022-04-21 23:59:59,40488.0
2022-04-22 23:59:59,39719.822349
2022-04-23 23:59:59,39447.720915
2022-04-24 23:59:59,39467.301079
2022-04-25 23:59:59,40441.11
2022-04-26 23:59:59,38125.00856
2022-04-27 23:59:59,39249.966598
2022-04-28 23:59:59,39752.364434
2022-04-29 23:59:59,38593.021211
2022-04-30 23:59:59,37653.173109
2022-05-01 23:59:59,38475.793971
2022-05-02 23:59:59,38509.826671
2022-05-03 23:59:59,37719.331364
2022-05-04 23:59:59,39676.814347
2022-05-05 23:59:59,36541.545025
2022-05-06 23:59:59,36003.323956
2022-05-07 23:59:59,35459.817795
2022-05-08 23:59:59,34025.5
2022-05-09 23:59:59,30065.727819
2022-05-10 23:59:59,30999.9
2022-05-11 23:59:59,28985.99
2022-05-12 23:59:59,28926.045792
2022-05-13 23:59:59,29238.146971
2022-05-14 23:59:59,30042.94332
2022-05-15 23:59:59,31293.5
2022-05-16 23:59:59,29829.66895
2022-05-17 23:59:59,30411.209147
2022-05-18 23:59:59,28665.896407
2022-05-19 23:59:59,30280.669044
2022-05-20 23:59:59,29162.98707
2022-05-21 23:59:59,29408.870861
2022-05-22 23:59:59,30262.623285
2022-05-23 23:59:59,29072.725219
2022-05-24 23:59:59,29630.972772
2022-05-25 23:59:59,29510.54361
2022-05-26 23:59:59,29183.47
2022-05-27 23:59:59,28582.685309
2022-05-28 23:59:59,29009.856951
2022-05-29 23:59:59,29446.52925
2022-05-30 23:59:59,31713.077294
2022-05-31 23:59:59,31776.505691
2022-06-01 23:59:59,29782.537883
2022-06-02 23:59:59,30432.569693
2022-06-03 23:59:59,29676.4
2022-06-04 23:59:59,29843.31385
2022-06-05 23:59:59,29894.434437
2022-06-06 23:59:59,31351.2078
2022-06-07 23:59:59,31107.383002
2022-06-08 23:59:59,30184.136886
2022-06-09 23:59:59,30074.920283
2022-06-10 23:59:59,29058.551062
2022-06-11 23:59:59,28380.2
2022-06-12 23:59:59,26566.165935
2022-06-13 23:59:59,22445.5
2022-06-14 23:59:59,22114.84
2022-06-15 23:59:59,22559.168568
2022-06-16 23:59:59,20366.3
2022-06-17 23:59:59,20438.804931
2022-06-18 23:59:59,18958.2
2022-06-19 23:59:59,20559.130533
2022-06-20 23:59:59,20555.44
2022-06-21 23:59:59,20696.96
2022-06-22 23:59:59,19957.162123
2022-06-23 23:59:59,21100.452472
2022-06-24 23:59:59,21213.335872
2022-06-25 23:59:59,21481.637045
2022-06-26 23:59:59,21029.431745
2022-06-27 23:59:59,20705.629955
2022-06-28 23:59:59,20251.544121
2022-06-29 23:59:59,20086.2
2022-06-30 23:59:59,19923.5
2022-07-01 23:59:59,19245.221027
2022-07-02 23:59:59,19222.0
2022-07-03 23:59:59,19291.659704
2022-07-04 23:59:59,20209.900992
2022-07-05 23:59:59,20167.930582
2022-07-06 23:59:59,20542.7
2022-07-07 23:59:59,21628.974929
2022-07-08 23:59:59,21597.914816
2022-07-09 23:59:59,21582.13826
2022-07-10 23:59:59,20840.273857
2022-07-11 23:59:59,19945.77
2022-07-12 23:59:59,19307.9
2022-07-13 23:59:59,20233.6
2022-07-14 23:59:59,20574.519889
2022-07-15 23:59:59,20827.456805
2022-07-16 23:59:59,21198.91874
2022-07-17 23:59:59,20786.0
2022-07-18 23:59:59,22450.1
2022-07-19 23:59:59,23401.627905
2022-07-20 23:59:59,23220.291686
2022-07-21 23:59:59,23154.178194
2022-07-22 23:59:59,22689.0
2022-07-23 23:59:59,22459.262599
2022-07-24 23:59:59,22587.444527
2022-07-25 23:59:59,21304.335652
2022-07-26 23:59:59,21264.99925
2022-07-27 23:59:59,22962.29
2022-07-28 23:59:59,23858.7
2022-07-29 23:59:59,23776.808705
2022-07-30 23:59:59,23646.322652
2022-07-31 23:59:59,23319.788832
2022-08-01 23:59:59,23293.0
2022-08-02 23:59:59,22996.730758
2022-08-03 23:59:59,22830.411314
2022-08-04 23:59:59,22619.65533
2022-08-05 23:59:59,23320.81
2022-08-06 23:59:59,22955.7
2022-08-07 23:59:59,23178.33
2022-08-08 23:59:59,23819.911967
2022-08-09 23:59:59,23157.265728
2022-08-10 23:59:59,23962.575789
2022-08-11 23:59:59,23947.680235
2022-08-12 23:59:59,24412.920256
2022-08-13 23:59:59,24446.475521
2022-08-14 23:59:59,24313.45985
2022-08-15 23:59:59,24105.055934
2022-08-16 23:59:59,23861.915614
2022-08-17 23:59:59,23336.2
2022-08-18 23:59:59,23197.293641
2022-08-19 23:59:59,20834.214777
2022-08-20 23:59:59,21141.367765
2022-08-21 23:59:59,21515.5
2022-08-22 23:59:59,21405.654118
2022-08-23 23:59:59,21522.469271
2022-08-24 23:59:59,21367.866882
2022-08-25 23:59:59,21573.0
2022-08-26 23:59:59,20248.021651
2022-08-27 23:59:59,20034.814981
2022-08-28 23:59:59,19547.274745
2022-08-29 23:59:59,20296.674321
2022-08-30 23:59:59,19806.5
2022-08-31 23:59:59,20050.917917
2022-09-01 23:59:59,20127.8
2022-09-02 23:59:59,19957.865422
2022-09-03 23:59:59,19836.084947
2022-09-04 23:59:59,20001.226949
2022-09-05 23:59:59,19792.981913
2022-09-06 23:59:59,18791.032872
2022-09-07 23:59:59,19284.399956
2022-09-08 23:59:59,19323.465001
2022-09-09 23:59:59,21373.176579
2022-09-10 23:59:59,21661.33523
2022-09-11 23:59:59,21841.005169
2022-09-12 23:59:59,22400.926595
2022-09-13 23:59:59,20173.89217
2022-09-14 23:59:59,20230.230961
2022-09-15 23:59:59,19701.339383
2022-09-16 23:59:59,19799.550295
2022-09-17 23:59:59,20115.749707
2022-09-18 23:59:59,19417.73
2022-09-19 23:59:59,19540.0
2022-09-20 23:59:59,18877.594997
2022-09-21 23:59:59,18469.2
2022-09-22 23:59:59,19405.195224
2022-09-23 23:59:59,19290.942284
2022-09-24 23:59:59,18924.596706
2022-09-25 23:59:59,18801.5
2022-09-26 23:59:59,19225.360866
2022-09-27 23:59:59,19082.961393
2022-09-28 23:59:59,19409.992551
2022-09-29 23:59:59,19592.718994
2022-09-30 23:59:59,19425.0
2022-10-01 23:59:59,19314.559738
2022-10-02 23:59:59,19055.976127
2022-10-03 23:59:59,19633.943456
2022-10-04 23:59:59,20345.303873
2022-10-05 23:59:59,20164.086418
2022-10-06 23:59:59,19963.610572
2022-10-07 23:59:59,19533.240347
2022-10-08 23:59:59,19418.108348
2022-10-09 23:59:59,19444.953049
2022-10-10 23:59:59,19133.431442
2022-10-11 23:59:59,19056.719434
2022-10-12 23:59:59,19155.165587
2022-10-13 23:59:59,19381.791546
2022-10-14 23:59:59,19183.0
2022-10-15 23:59:59,19068.93546
2022-10-16 23:59:59,19264.801994
2022-10-17 23:59:59,19550.038545
2022-10-18 23:59:59,19330.323208
2022-10-19 23:59:59,19124.530731
2022-10-20 23:59:59,19043.799644
2022-10-21 23:59:59,19165.753731
2022-10-22 23:59:59,19208.237344
2022-10-23 23:59:59,19569.9
2022-10-24 23:59:59,19332.219341
2022-10-25 23:59:59,20088.48324
2022-10-26 23:59:59,20775.0
2022-10-27 23:59:59,20291.927908
2022-10-28 23:59:59,20601.206689
2022-10-29 23:59:59,20821.151548
2022-10-30 23:59:59,20629.088463
2022-10-31 23:59:59,20492.311888
2022-11-01 23:59:59,20480.130389
2022-11-02 23:59:59,20151.048788
2022-11-03 23:59:59,20208.044481
2022-11-04 23:59:59,21148.932892
2022-11-05 23:59:59,21298.77505
2022-11-06 23:59:59,20910.8
2022-11-07 23:59:59,20592.431481
2022-11-08 23:59:59,18543.89992
2022-11-09 23:59:59,15869.027589
2022-11-10 23:59:59,17552.297634
2022-11-11 23:59:59,17003.320252
2022-11-12 23:59:59,16772.664334
2022-11-13 23:59:59,16303.497677
2022-11-14 23:59:59,16589.404075
2022-11-15 23:59:59,16877.084726
2022-11-16 23:59:59,16652.517178
2022-11-17 23:59:59,16680.75
2022-11-18 23:59:59,16679.897109
2022-11-19 23:59:59,16684.541402
2022-11-20 23:59:59,16256.821055
2022-11-21 23:59:59,15759.896968
2022-11-22 23:59:59,16195.474656
2022-11-23 23:59:59,16595.259621
2022-11-24 23:59:59,16591.706665
2022-11-25 23:59:59,16506.842467
2022-11-26 23:59:59,16449.754697
2022-11-27 23:59:59,16421.338236
2022-11-28 23:59:59,16207.13384
2022-11-29 23:59:59,16433.573243
2022-11-30 23:59:59,17166.487368
2022-12-01 23:59:59,16977.358542
2022-12-02 23:59:59,17093.091313
2022-12-03 23:59:59,16886.430138
2022-12-04 23:59:59,17110.615569
2022-12-05 23:59:59,16966.431187
2022-12-06 23:59:59,17087.007014
2022-12-07 23:59:59,16838.294703
2022-12-08 23:59:59,17227.225028
2022-12-09 23:59:59,17128.940971
2022-12-10 23:59:59,17127.419483
2022-12-11 23:59:59,17093.706823
2022-12-12 23:59:59,17209.439607
2022-12-13 23:59:59,17774.499341
2022-12-14 23:59:59,17802.999
2022-12-15 23:59:59,17359.11324
2022-12-16 23:59:59,16630.36744
2022-12-17 23:59:59,16781.439808
2022-12-18 23:59:59,16742.164263
2022-12-19 23:59:59,16440.913599
2022-12-20 23:59:59,16900.824127
2022-12-21 23:59:59,16827.115346
2022-12-22 23:59:59,16815.753372
2022-12-23 23:59:59,16778.667562
2022-12-24 23:59:59,16836.946156
2022-12-25 23:59:59,16829.103667
2022-12-26 23:59:59,16915.437477
2022-12-27 23:59:59,16698.958414
2022-12-28 23:59:59,16539.66
2022-12-29 23:59:59,16628.8
2022-12-30 23:59:59,16600.246461
2022-12-31 23:59:59,16526.981015
2023-01-01 23:59:59,16613.890831
2023-01-02 23:59:59,16668.2
2023-01-03 23:59:59,16668.964728
2023-01-04 23:59:59,16845.738125
2023-01-05 23:59:59,16825.187129
2023-01-06 23:59:59,16948.171513
2023-01-07 23:59:59,16941.961163
2023-01-08 23:59:59,17122.12
2023-01-09 23:59:59,17179.571642
2023-01-10 23:59:59,17442.101847
2023-01-11 23:59:59,17941.07309
2023-01-12 23:59:59,18848.842279
2023-01-13 23:59:59,19927.329576
2023-01-14 23:59:59,20953.820646
2023-01-15 23:59:59,20879.013432
2023-01-16 23:59:59,21187.252921
2023-01-17 23:59:59,21135.032609
2023-01-18 23:59:59,20674.77082
2023-01-19 23:59:59,21082.961238
2023-01-20 23:59:59,22677.584271
2023-01-21 23:59:59,22781.173712
2023-01-22 23:59:59,22715.174809
2023-01-23 23:59:59,22919.269575
2023-01-24 23:59:59,22635.129591
2023-01-25 23:59:59,23050.40426
2023-01-26 23:59:59,23010.763937
2023-01-27 23:59:59,23080.003347
2023-01-28 23:59:59,23028.706467
2023-01-29 23:59:59,23749.938113
2023-01-30 23:59:59,22835.1
2023-01-31 23:59:59,23132.096915
2023-02-01 23:59:59,23730.589637
2023-02-02 23:59:59,23485.061582
2023-02-03 23:59:59,23436.180364
2023-02-04 23:59:59,23333.551208
2023-02-05 23:59:59,22941.489657
2023-02-06 23:59:59,22764.07
2023-02-07 23:59:59,23252.257081
2023-02-08 23:59:59,22963.91
2023-02-09 23:59:59,21798.175067
2023-02-10 23:59:59,21636.89653
2023-02-11 23:59:59,21864.976479
2023-02-12 23:59:59,21788.619839
2023-02-13 23:59:59,21788.905783
2023-02-14 23:59:59,22207.533729
2023-02-15 23:59:59,24332.633646
2023-02-16 23:59:59,23522.0
2023-02-17 23:59:59,24576.000189
2023-02-18 23:59:59,24637.905503
2023-02-19 23:59:59,24287.2
2023-02-20 23:59:59,24840.355316
2023-02-21 23:59:59,24452.183544
2023-02-22 23:59:59,24186.6
2023-02-23 23:59:59,23941.32
2023-02-24 23:59:59,23189.869571
2023-02-25 23:59:59,23166.133582
2023-02-26 23:59:59,23560.213169
2023-02-27 23:59:59,23492.905234
2023-02-28 23:59:59,23132.483294
2023-03-01 23:59:59,23637.704804
2023-03-02 23:59:59,23467.280643
2023-03-03 23:59:59,22358.515387
2023-03-04 23:59:59,22348.191077
2023-03-05 23:59:59,22429.093868
2023-03-06 23:59:59,22406.665607
2023-03-07 23:59:59,22197.59233
2023-03-08 23:59:59,21699.687515
2023-03-09 23:59:59,20366.521882
2023-03-10 23:59:59,20227.617085
2023-03-11 23:59:59,20622.075456
2023-03-12 23:59:59,22195.098168
2023-03-13 23:59:59,24206.469566
2023-03-14 23:59:59,24768.103125
2023-03-15 23:59:59,24371.145776
2023-03-16 23:59:59,25050.099158
2023-03-17 23:59:59,27450.705505
2023-03-18 23:59:59,26978.280027
2023-03-19 23:59:59,28047.35
2023-03-20 23:59:59,27817.412391
2023-03-21 23:59:59,28195.741794
2023-03-22 23:59:59,27324.891117
2023-03-23 23:59:59,28348.755059
2023-03-24 23:59:59,27491.317316
2023-03-25 23:59:59,27494.84
2023-03-26 23:59:59,28000.0
2023-03-27 23:59:59,27149.190148
2023-03-28 23:59:59,27275.46335
2023-03-29 23:59:59,28355.285911
2023-03-30 23:59:59,28040.842291
2023-03-31 23:59:59,28478.0
2023-04-01 23:59:59,28469.081209
2023-04-02 23:59:59,28191.127283
2023-04-03 23:59:59,27811.221316
2023-04-04 23:59:59,28179.270633
2023-04-05 23:59:59,28182.546506
2023-04-06 23:59:59,28049.557179
2023-04-07 23:59:59,27927.947764
2023-04-08 23:59:59,27959.33182
2023-04-09 23:59:59,28342.548857
2023-04-10 23:59:59,29657.361539
2023-04-11 23:59:59,30231.515364
2023-04-12 23:59:59,29905.160808
2023-04-13 23:59:59,30410.110682
2023-04-14 23:59:59,30492.826526
2023-04-15 23:59:59,30325.150889
2023-04-16 23:59:59,30328.225231
2023-04-17 23:59:59,29448.06715
2023-04-18 23:59:59,30393.42414
2023-04-19 23:59:59,28832.683429
2023-04-20 23:59:59,28246.312528
2023-04-21 23:59:59,27263.022938
2023-04-22 23:59:59,27819.017688
2023-04-23 23:59:59,27596.113487
2023-04-24 23:59:59,27519.250114
2023-04-25 23:59:59,28308.415222
2023-04-26 23:59:59,28429.986481
2023-04-27 23:59:59,29486.664234
2023-04-28 23:59:59,29341.189703
2023-04-29 23:59:59,29250.000904
2023-04-30 23:59:59,29232.868484
2023-05-01 23:59:59,28086.401607
2023-05-02 23:59:59,28679.930349
2023-05-03 23:59:59,29034.9544
2023-05-04 23:59:59,28855.172242
2023-05-05 23:59:59,29539.619433
2023-05-06 23:59:59,28906.728411
2023-05-07 23:59:59,28461.0
2023-05-08 23:59:59,27695.457474
2023-05-09 23:59:59,27645.457841
2023-05-10 23:59:59,27622.638014
2023-05-11 23:59:59,26995.745196
2023-05-12 23:59:59,26805.474121
2023-05-13 23:59:59,26789.54302
2023-05-14 23:59:59,26930.731933
2023-05-15 23:59:59,27179.55108
2023-05-16 23:59:59,27036.607872
2023-05-17 23:59:59,27402.845818
2023-05-18 23:59:59,26823.12
2023-05-19 23:59:59,26887.850698
2023-05-20 23:59:59,27119.26
2023-05-21 23:59:59,26755.086586
2023-05-22 23:59:59,26854.604708
2023-05-23 23:59:59,27224.214534
2023-05-24 23:59:59,26328.313071
2023-05-25 23:59:59,26480.655037
2023-05-26 23:59:59,26718.329886
2023-05-27 23:59:59,26870.659736
2023-05-28 23:59:59,28080.73389
2023-05-29 23:59:59,27746.101245
2023-05-30 23:59:59,27702.417693
2023-05-31 23:59:59,27217.560511
2023-06-01 23:59:59,26822.021069
2023-06-02 23:59:59,27252.03765
2023-06-03 23:59:59,27077.388715
2023-06-04 23:59:59,27126.034346
2023-06-05 23:59:59,25737.47817
2023-06-06 23:59:59,27240.646262
2023-06-07 23:59:59,26349.275992
2023-06-08 23:59:59,26507.27924
2023-06-09 23:59:59,26483.606569
2023-06-10 23:59:59,25855.535943
2023-06-11 23:59:59,25933.607032
2023-06-12 23:59:59,25903.776667
2023-06-13 23:59:59,25923.561863
2023-06-14 23:59:59,25125.788053
2023-06-15 23:59:59,25572.386272
2023-06-16 23:59:59,26327.492635
2023-06-17 23:59:59,26509.176006
2023-06-18 23:59:59,26335.632029
2023-06-19 23:59:59,26839.61
2023-06-20 23:59:59,28316.802027
2023-06-21 23:59:59,29996.132365
2023-06-22 23:59:59,29896.236372
2023-06-23 23:59:59,30699.755556
2023-06-24 23:59:59,30548.098426
2023-06-25 23:59:59,30471.724406
2023-06-26 23:59:59,30273.061785
2023-06-27 23:59:59,30698.194008
2023-06-28 23:59:59,30080.575215
2023-06-29 23:59:59,30445.266304
2023-06-30 23:59:59,30472.719876
2023-07-01 23:59:59,30587.885862
2023-07-02 23:59:59,30616.114028
2023-07-03 23:59:59,31156.034789
2023-07-04 23:59:59,30774.670287
2023-07-05 23:59:59,30502.544393
2023-07-06 23:59:59,29912.377834
2023-07-07 23:59:59,30348.092769
2023-07-08 23:59:59,30291.68
2023-07-09 23:59:59,30170.203884
2023-07-10 23:59:59,30418.609017
2023-07-11 23:59:59,30625.656605
2023-07-12 23:59:59,30384.796186
2023-07-13 23:59:59,31471.82
2023-07-14 23:59:59,30328.5
2023-07-15 23:59:59,30298.219892
2023-07-16 23:59:59,30246.335413
2023-07-17 23:59:59,30144.743086
2023-07-18 23:59:59,29862.909143
2023-07-19 23:59:59,29916.681404
2023-07-20 23:59:59,29807.232695
2023-07-21 23:59:59,29909.823624
2023-07-22 23:59:59,29776.170072
2023-07-23 23:59:59,30081.61
2023-07-24 23:59:59,29178.932189
2023-07-25 23:59:59,29224.178304
2023-07-26 23:59:59,29348.241984
2023-07-27 23:59:59,29213.400678
2023-07-28 23:59:59,29314.2
2023-07-29 23:59:59,29357.34143
2023-07-30 23:59:59,29279.422233
2023-07-31 23:59:59,29230.361231
2023-08-01 23:59:59,29703.578632
2023-08-02 23:59:59,29161.89975
2023-08-03 23:59:59,29178.64346
2023-08-04 23:59:59,29077.317179
2023-08-05 23:59:59,29047.12
2023-08-06 23:59:59,29040.745791
2023-08-07 23:59:59,29180.619743
2023-08-08 23:59:59,29770.0663811
2023-08-09 23:59:59,29564.4123019
2023-08-10 23:59:59,29426.2478992
2023-08-11 23:59:59,29399.7387515
2023-08-12 23:59:59,29415.6667825
2023-08-13 23:59:59,29278.4422457
2023-08-14 23:59:59,29406.9680407
2023-08-15 23:59:59,29171.4607655
2023-08-16 23:59:59,28700.0397826
2023-08-17 23:59:59,26640.6093656
2023-08-18 23:59:59,26048.155472
2023-08-19 23:59:59,26092.9338394
2023-08-20 23:59:59,26189.6856372
2023-08-21 23:59:59,26124.1542882
2023-08-22 23:59:59,26040.4
2023-08-23 23:59:59,26429.1858917
2023-08-24 23:59:59,26160.0
2023-08-25 23:59:59,26048.6334200039
2023-08-26 23:59:59,26008.1527698
2023-08-27 23:59:59,26090.3518934
2023-08-28 23:59:59,26105.1451215
2023-08-29 23:59:59,27724.1023724
2023-08-30 23:59:59,27303.0247656
2023-08-31 23:59:59,25929.5432896
2023-09-01 23:59:59,25799.2338243
2023-09-02 23:59:59,25866.2754331
2023-09-03 23:59:59,25971.3622824
2023-09-04 23:59:59,25817.0126102
2023-09-05 23:59:59,25783.2703212
2023-09-06 23:59:59,25750.2926304
2023-09-07 23:59:59,26251.0840823
2023-09-08 23:59:59,25906.3156026
2023-09-09 23:59:59,25895.677314
2023-09-10 23:59:59,25833.0413744
2023-09-11 23:59:59,25154.8840683
2023-09-12 23:59:59,25840.3780988
2023-09-13 23:59:59,26227.6290422
2023-09-14 23:59:59,26532.7651698
2023-09-15 23:59:59,26606.3350691
2023-09-16 23:59:59,26567.6891802
2023-09-17 23:59:59,26531.8754105
2023-09-18 23:59:59,26764.4786083
2023-09-19 23:59:59,27216.3071154
2023-09-20 23:59:59,27126.4102273
2023-09-21 23:59:59,26565.5668302
2023-09-22 23:59:59,26578.599677
2023-09-23 23:59:59,26571.1137269
2023-09-24 23:59:59,26252.5147174366
2023-09-25 23:59:59,26295.7682205564
2023-09-26 23:59:59,26209.2676347211
2023-09-27 23:59:59,26355.8840426536
2023-09-28 23:59:59,27025.8451297626
2023-09-29 23:59:59,26909.2936390025
2023-09-30 23:59:59,26964.2796447048
2023-10-01 23:59:59,27975.865557161
2023-10-02 23:59:59,27510.4783713703
2023-10-03 23:59:59,27430.0332765386
2023-10-04 23:59:59,27793.8610245538
2023-10-05 23:59:59,27410.5274506934
2023-10-06 23:59:59,27949.5401743101
2023-10-07 23:59:59,27975.9766959441
2023-10-08 23:59:59,27937.0863523522
2023-10-09 23:59:59,27586.7392837271
2023-10-10 23:59:59,27394.2196179663
2023-10-11 23:59:59,26869.7825761674
2023-10-12 23:59:59,26753.4778296608
2023-10-13 23:59:59,26863.2714042008
2023-10-14 23:59:59,26854.1798281728
2023-10-15 23:59:59,27178.035638112
2023-10-16 23:59:59,28517.6443213889
2023-10-17 23:59:59,28411.1276293691
2023-10-18 23:59:59,28328.1400960556
2023-10-19 23:59:59,28733.3249854548
2023-10-20 23:59:59,29683.8857616121
2023-10-21 23:59:59,29922.2693724589
2023-10-22 23:59:59,29994.4397358381
2023-10-23 23:59:59,33072.5789750117
2023-10-24 23:59:59,33911.1056948543
2023-10-25 23:59:59,34497.8310997669
2023-10-26 23:59:59,34158.414493342
2023-10-27 23:59:59,33911.5893834243
2023-10-28 23:59:59,34091.1217892101
2023-10-29 23:59:59,34531.4305648207
2023-10-30 23:59:59,34493.3227720886
2023-10-31 23:59:59,34659.905033154
2023-11-01 23:59:59,35436.8465321029
2023-11-02 23:59:59,34934.1398402549
2023-11-03 23:59:59,34730.3142321265
2023-11-04 23:59:59,35079.5695730131
2023-11-05 23:59:59,35044.486356129
2023-11-06 23:59:59,35044.2580096426
2023-11-07 23:59:59,35433.9790695265
2023-11-08 23:59:59,35631.0094163499
2023-11-09 23:59:59,36703.0010359689
2023-11-10 23:59:59,37320.4319652101
2023-11-11 23:59:59,37149.6804577153
2023-11-12 23:59:59,37080.1563993809
2023-11-13 23:59:59,36488.659818304
2023-11-14 23:59:59,35548.3950579837
2023-11-15 23:59:59,37884.3543043321
2023-11-16 23:59:59,36164.6844999025
2023-11-17 23:59:59,36614.9094033739
2023-11-18 23:59:59,36587.196448109
2023-11-19 23:59:59,37382.955495735
2023-11-20 23:59:59,37479.7476284747
2023-11-21 23:59:59,35787.9308561434
2023-11-22 23:59:59,37427.1876778036
2023-11-23 23:59:59,37297.9175726889
2023-11-24 23:59:59,37738.5111953284
2023-11-25 23:59:59,37805.6379931661
2023-11-26 23:59:59,37470.9611737023
2023-11-27 23:59:59,37248.9606741561
2023-11-28 23:59:59,37834.1484669344
2023-11-29 23:59:59,37861.846510348
2023-11-30 23:59:59,37713.8092638439
2023-12-01 23:59:59,38701.6064468974
2023-12-02 23:59:59,39473.7995441141
2023-12-03 23:59:59,39981.8395051582
2023-12-04 23:59:59,41986.8036844055
2023-12-05 23:59:59,44084.9015804572
2023-12-06 23:59:59,43772.7179092652
2023-12-07 23:59:59,43296.3452202475
2023-12-08 23:59:59,44190.3129685881
2023-12-09 23:59:59,43729.6884879715
2023-12-10 23:59:59,43783.6908383795
2023-12-11 23:59:59,41233.8966555276
2023-12-12 23:59:59,41467.6544897131
2023-12-13 23:59:59,42886.8121967639
2023-12-14 23:59:59,43030.6298940052
2023-12-15 23:59:59,41924.3759403419
2023-12-16 23:59:59,42237.9171023286
2023-12-17 23:59:59,41344.3918375736
2023-12-18 23:59:59,42649.1360411834
2023-12-19 23:59:59,42260.5881223162
2023-12-20 23:59:59,43656.853915833
2023-12-21 23:59:59,43872.9977468841
2023-12-22 23:59:59,44000.1674181919
2023-12-23 23:59:59,43732.7656253706
2023-12-24 23:59:59,43005.9807062435
2023-12-25 23:59:59,43590.8524292464
2023-12-26 23:59:59,42516.5095513398
2023-12-27 23:59:59,43466.4095599505
2023-12-28 23:59:59,42595.2739249618
2023-12-29 23:59:59,42074.8302319024
2023-12-30 23:59:59,42150.7129131233
2023-12-31 23:59:59,42260.7620246046
2024-01-01 23:59:59,44184.3725555343
2024-01-02 23:59:59,44959.0289135698
2024-01-03 23:59:59,42844.1772168921
2024-01-04 23:59:59,44194.0042813457
2024-01-05 23:59:59,44170.595236717
2024-01-06 23:59:59,43977.9582872832
2024-01-07 23:59:59,43939.2008378858
2024-01-08 23:59:59,46983.9950041146
2024-01-09 23:59:59,46131.2380674914
2024-01-10 23:59:59,46659.4827334584
2024-01-11 23:59:59,46360.1877581065
2024-01-12 23:59:59,42834.0945684149
2024-01-13 23:59:59,42842.6986940651
2024-01-14 23:59:59,41730.3150415757
2024-01-15 23:59:59,42492.6196552675
2024-01-16 23:59:59,43136.009862791
2024-01-17 23:59:59,42739.1468690687
2024-01-18 23:59:59,41267.4087667079
2024-01-19 23:59:59,41621.3662718855
2024-01-20 23:59:59,41664.579654182
2024-01-21 23:59:59,41552.2153990285
2024-01-22 23:59:59,39513.3950688021
2024-01-23 23:59:59,39865.8006864698
2024-01-24 23:59:59,40076.6057603734
2024-01-25 23:59:59,39924.0930765481
2024-01-26 23:59:59,41808.3999534875
2024-01-27 23:59:59,42122.0270053968
2024-01-28 23:59:59,42027.1811016439
2024-01-29 23:59:59,43292.0724264324
2024-01-30 23:59:59,42945.0149449458
2024-01-31 23:59:59,42562.8068109513
2024-02-01 23:59:59,43069.998596956
2024-02-02 23:59:59,43181.4822778692
2024-02-03 23:59:59,42993.9428768148
2024-02-04 23:59:59,42567.6335614655
2024-02-05 23:59:59,42663.4553018647
2024-02-06 23:59:59,43085.0313324209
2024-02-07 23:59:59,44336.0079571388
2024-02-08 23:59:59,45307.8866904478
2024-02-09 23:59:59,47144.0769787923
2024-02-10 23:59:59,47769.2949010781
2024-02-11 23:59:59,48296.5332015883
2024-02-12 23:59:59,49954.5368571712
2024-02-13 23:59:59,49732.0869058342
2024-02-14 23:59:59,51832.4163304097
2024-02-15 23:59:59,51939.3707621579
2024-02-16 23:59:59,52162.9428702888
2024-02-17 23:59:59,51672.0702165595
2024-02-18 23:59:59,52130.2682675384
2024-02-19 23:59:59,51788.7754425761
2024-02-20 23:59:59,52277.8600313863
2024-02-21 23:59:59,51854.4291689893
2024-02-22 23:59:59,51269.4806893583
2024-02-23 23:59:59,50737.2157747168
2024-02-24 23:59:59,51567.4463510072
2024-02-25 23:59:59,51722.8950613205
2024-02-26 23:59:59,54527.1462084087
2024-02-27 23:59:59,57078.2107769536
2024-02-28 23:59:59,62518.031310447
2024-02-29 23:59:59,61188.5406870843
2024-03-01 23:59:59,62432.5657676735
2024-03-02 23:59:59,62041.9473736819
2024-03-03 23:59:59,63157.8759875917
2024-03-04 23:59:59,68372.5091186693
2024-03-05 23:59:59,63845.9698900849
2024-03-06 23:59:59,66115.2197827147
2024-03-07 23:59:59,66939.9306018843
2024-03-08 23:59:59,68294.9983589234
2024-03-09 23:59:59,68485.2936154668
2024-03-10 23:59:59,69029.1596856006
2024-03-11 23:59:59,72113.889540233
2024-03-12 23:59:59,71490.2968222166
2024-03-13 23:59:59,73115.0766644189
2024-03-14 23:59:59,71373.85818936
2024-03-15 23:59:59,69446.6254570103
2024-03-16 23:59:59,65265.6906701558
2024-03-17 23:59:59,68348.4583767564
2024-03-18 23:59:59,67600.0258714417
2024-03-19 23:59:59,61974.9231987644
2024-03-20 23:59:59,67869.9959534867
2024-03-21 23:59:59,65482.241432455
2024-03-22 23:59:59,63807.1034662388
2024-03-23 23:59:59,64018.537716998
2024-03-24 23:59:59,67207.7724842336
2024-03-25 23:59:59,69913.242454634
2024-03-26 23:59:59,69998.1337178965
2024-03-27 23:59:59,69414.6626555561
2024-03-28 23:59:59,70777.2462398295
2024-03-29 23:59:59,69902.8348368811
2024-03-30 23:59:59,69642.5136959583
2024-03-31 23:59:59,71325.0839992162
2024-04-01 23:59:59,69696.1519675344
2024-04-02 23:59:59,65454.0268270264
2024-04-03 23:59:59,65989.8261228386
2024-04-04 23:59:59,68525.8044081845
2024-04-05 23:59:59,67856.2215398889
2024-04-06 23:59:59,68905.6194366448
2024-04-07 23:59:59,69362.3431858232
2024-04-08 23:59:59,71629.7791394214
2024-04-09 23:59:59,69128.9807441519
2024-04-10 23:59:59,70608.7284120924
2024-04-11 23:59:59,70029.4651982192
2024-04-12 23:59:59,67182.3509098325
2024-04-13 23:59:59,63998.3114751059
2024-04-14 23:59:59,65768.173421334
2024-04-15 23:59:59,63433.9059235485
2024-04-16 23:59:59,63823.8997384503
2024-04-17 23:59:59,61272.7769129572
2024-04-18 23:59:59,63509.1042688734
2024-04-19 23:59:59,63826.8757059419
2024-04-20 23:59:59,64976.5322863997
2024-04-21 23:59:59,64948.4343034392
2024-04-22 23:59:59,66853.8595799687
2024-04-23 23:59:59,66415.0379050262
2024-04-24 23:59:59,64263.091596089
2024-04-25 23:59:59,64486.6377478988
2024-04-26 23:59:59,63745.5310137041
2024-04-27 23:59:59,63419.90822678
2024-04-28 23:59:59,63099.5521236669
2024-04-29 23:59:59,63831.1906183801
2024-04-30 23:59:59,60619.0214133675
2024-05-01 23:59:59,58263.5736072262
2024-05-02 23:59:59,59114.4118609583
2024-05-03 23:59:59,62894.3367065163
2024-05-04 23:59:59,63900.1424751385
2024-05-05 23:59:59,64020.0250518236
2024-05-06 23:59:59,63161.3369647961
2024-05-07 23:59:59,62322.2890723063
2024-05-08 23:59:59,61183.0201377665
2024-05-09 23:59:59,63068.497082859
2024-05-10 23:59:59,60786.8082110809
2024-05-11 23:59:59,60805.7773665006
2024-05-12 23:59:59,61449.0421813394
2024-05-13 23:59:59,62922.8908685398
2024-05-14 23:59:59,61545.7956658203
2024-05-15 23:59:59,66248.5656472731
2024-05-16 23:59:59,65241.1302662083
2024-05-17 23:59:59,67053.4741792946
2024-05-18 23:59:59,66934.0550329934
2024-05-19 23:59:59,66273.637422381
2024-05-20 23:59:59,71423.2172203302
2024-05-21 23:59:59,70135.7471425325
2024-05-22 23:59:59,69121.0068170002
2024-05-23 23:59:59,67938.273965646
2024-05-24 23:59:59,68533.7914567594
2024-05-25 23:59:59,69275.0314197781
2024-05-26 23:59:59,68490.7699111757
2024-05-27 23:59:59,69377.8349930532
2024-05-28 23:59:59,68313.0818678868
2024-05-29 23:59:59,67572.0449188029
2024-05-30 23:59:59,68344.5638575424
2024-05-31 23:59:59,67476.5668179556
2024-06-01 23:59:59,67722.2142047709
2024-06-02 23:59:59,67744.4203493092
2024-06-03 23:59:59,68797.7580948475
2024-06-04 23:59:59,70555.7671616098
2024-06-05 23:59:59,71096.4190478431
2024-06-06 23:59:59,70775.2238937977
2024-06-07 23:59:59,69327.7971994787
2024-06-08 23:59:59,69306.4558469453
2024-06-09 23:59:59,69643.988531912
2024-06-10 23:59:59,69514.2502966877
2024-06-11 23:59:59,67319.2773131809
2024-06-12 23:59:59,68245.0782943349
2024-06-13 23:59:59,66740.8198521266
2024-06-14 23:59:59,66004.7003635541
2024-06-15 23:59:59,66187.9664870497
2024-06-16 23:59:59,66638.0429752916
2024-06-17 23:59:59,66484.1491007666
2024-06-18 23:59:59,65143.1963003156
2024-06-19 23:59:59,64953.8030657608
2024-06-20 23:59:59,64825.7799784262
2024-06-21 23:59:59,64106.5962728507
2024-06-22 23:59:59,64242.2762895617
2024-06-23 23:59:59,63166.0507093715
2024-06-24 23:59:59,60268.8066100037
2024-06-25 23:59:59,61793.7277878346
2024-06-26 23:59:59,60812.570114359
2024-06-27 23:59:59,61615.0694523428
2024-06-28 23:59:59,60314.9514841834
2024-06-29 23:59:59,60887.2293178516
2024-06-30 23:59:59,62677.9062805316
2024-07-01 23:59:59,62847.962174192
2024-07-02 23:59:59,62030.7020740233
2024-07-03 23:59:59,60146.6417722381
2024-07-04 23:59:59,57020.6053178471
2024-07-05 23:59:59,56644.6881626162
2024-07-06 23:59:59,58261.4058348509
2024-07-07 23:59:59,55860.2880465957
2024-07-08 23:59:59,56708.8621542215
2024-07-09 23:59:59,58019.1700258904
2024-07-10 23:59:59,57735.2155607807
2024-07-11 23:59:59,57341.0271550565
2024-07-12 23:59:59,57898.0204847574
2024-07-13 23:59:59,59223.9135215454
2024-07-14 23:59:59,60810.7862719371
2024-07-15 23:59:59,64794.9678627875
2024-07-16 23:59:59,65089.0683257647
2024-07-17 23:59:59,64096.6356898202
2024-07-18 23:59:59,63970.0844065807
2024-07-19 23:59:59,66711.0033591749
2024-07-20 23:59:59,67166.8906823
2024-07-21 23:59:59,68161.4567066673
2024-07-22 23:59:59,67575.9933659127
2024-07-23 23:59:59,65938.246510633
2024-07-24 23:59:59,65373.9125413537
2024-07-25 23:59:59,65789.3603771082
2024-07-26 23:59:59,67917.4418896407
2024-07-27 23:59:59,67872.2237666601
2024-07-28 23:59:59,68256.7931815428
2024-07-29 23:59:59,66803.8066307207
2024-07-30 23:59:59,66175.2436694473
2024-07-31 23:59:59,64619.9565276995
2024-08-01 23:59:59,65316.4227764396
2024-08-02 23:59:59,61417.7766164136
2024-08-03 23:59:59,60672.5884315254
2024-08-04 23:59:59,58124.7367907096
2024-08-05 23:59:59,53985.3731857464
2024-08-06 23:59:59,56070.1089333624
2024-08-07 23:59:59,55079.2449645214
2024-08-08 23:59:59,61705.2740759394
2024-08-09 23:59:59,60869.5343704533
2024-08-10 23:59:59,60933.7326733792
2024-08-11 23:59:59,58720.5347276675
2024-08-12 23:59:59,59356.2211865752
2024-08-13 23:59:59,60608.5164786255
2024-08-14 23:59:59,58719.3518602128
2024-08-15 23:59:59,57531.3210430058
2024-08-16 23:59:59,58885.9520026231
2024-08-17 23:59:59,59489.8518871633
2024-08-18 23:59:59,58453.8806187484
2024-08-19 23:59:59,59490.0388134733
2024-08-20 23:59:59,59018.2104100058
2024-08-21 23:59:59,61168.5329383614
2024-08-22 23:59:59,60376.4838999492
2024-08-23 23:59:59,64090.3887953035
2024-08-24 23:59:59,64182.0235099725
2024-08-25 23:59:59,64315.1784940476
2024-08-26 23:59:59,62865.2568590999
2024-08-27 23:59:59,59459.0094068485
2024-08-28 23:59:59,59028.9280128805
2024-08-29 23:59:59,59380.701483425
2024-08-30 23:59:59,59110.056985971
2024-08-31 23:59:59,58969.6029263395
2024-09-01 23:59:59,57315.0812021236
2024-09-02 23:59:59,59125.5567245475
2024-09-03 23:59:59,57467.2374105413
2024-09-04 23:59:59,57966.6491383417
2024-09-05 23:59:59,56161.8668480744
2024-09-06 23:59:59,53950.6665164527
2024-09-07 23:59:59,54157.6760687713
2024-09-08 23:59:59,54853.4692327967
2024-09-09 23:59:59,57056.0944146751
2024-09-10 23:59:59,57643.2466842651
2024-09-11 23:59:59,57343.4712226933
2024-09-12 23:59:59,58138.2871569031
2024-09-13 23:59:59,60557.6042579109
2024-09-14 23:59:59,60010.6781190817
2024-09-15 23:59:59,59149.0546353634
2024-09-16 23:59:59,58202.8249830495
2024-09-17 23:59:59,60318.8363446149
2024-09-18 23:59:59,61763.7313535467
2024-09-19 23:59:59,62954.4973428761
2024-09-20 23:59:59,63205.4387955289
2024-09-21 23:59:59,63362.7635649994
2024-09-22 23:59:59,63613.0233221755
2024-09-23 23:59:59,63334.1085298338
2024-09-24 23:59:59,64270.8016343687
2024-09-25 23:59:59,63142.547313361
2024-09-26 23:59:59,65183.1454762658
2024-09-27 23:59:59,65787.2489245789
2024-09-28 23:59:59,65880.0586926486
2024-09-29 23:59:59,65626.545284713
2024-09-30 23:59:59,63330.891077001
2024-10-01 23:59:59,60833.4675177139
2024-10-02 23:59:59,60637.1878006697
2024-10-03 23:59:59,60747.1335107722
2024-10-04 23:59:59,62071.2114084823
2024-10-05 23:59:59,62076.3400468086
2024-10-06 23:59:59,62819.8706023065
2024-10-07 23:59:59,62231.4355334693
2024-10-08 23:59:59,62132.1413197283
2024-10-09 23:59:59,60585.4566679906
2024-10-10 23:59:59,60276.1279163644
2024-10-11 23:59:59,62480.9457905293
2024-10-12 23:59:59,63195.2714271518
2024-10-13 23:59:59,62853.8763044144
2024-10-14 23:59:59,66064.1904495779
2024-10-15 23:59:59,67065.3542075123
2024-10-16 23:59:59,67613.8655163698
2024-10-17 23:59:59,67402.0242075847
2024-10-18 23:59:59,68421.0067570858
2024-10-19 23:59:59,68364.7919774627
2024-10-20 23:59:59,69011.6201456989
2024-10-21 23:59:59,67350.4044240206
2024-10-22 23:59:59,67389.2140009902
2024-10-23 23:59:59,66633.3695255555
2024-10-24 23:59:59,68166.3539632922
2024-10-25 23:59:59,66624.7130246541
2024-10-26 23:59:59,67014.0630397009
2024-10-27 23:59:59,67926.104893702
2024-10-28 23:59:59,69922.8951290234
2024-10-29 23:59:59,72723.7573703495
2024-10-30 23:59:59,72339.6613040047
2024-10-31 23:59:59,70215.1857054283
2024-11-01 23:59:59,69486.5367379843
2024-11-02 23:59:59,69309.4383248922
2024-11-03 23:59:59,68742.993270066
2024-11-04 23:59:59,67813.5927531378
2024-11-05 13:01:59,68840.5769009613
